Name,datetime,Date,Time,temp,feelslike,dew,humidity,precip,precipprob,preciptype,snow,snowdepth,windgust,windspeed,winddir,sealevelpressure,cloudcover,visibility,solarradiation,solarenergy,uvindex,severerisk,conditions,icon,stations,rolling_precip,flood_occurred
LAGOS STATE,2024-07-02 00:00:00,02/07/2024,00:00:00,27.1,29.6,22.7,76.9,0.2,100.0,rain,0,0,25.2,14.4,237.3,1013.0,99.0,24.1,0.0,0.0,0,10,"Rain, Overcast",rain,remote,0.2,0
LAGOS STATE,2024-07-02 01:00:00,02/07/2024,01:00:00,27.1,29.4,22.4,75.51,0.0,0.0,,0,0,26.3,14.8,235.6,1013.0,100.0,24.1,0.0,0.0,0,10,Overcast,cloudy,remote,0.2,0
LAGOS STATE,2024-07-02 02:00:00,02/07/2024,02:00:00,27.2,29.6,22.4,75.07,0.0,0.0,,0,0,26.3,15.5,244.1,1012.0,100.0,24.1,0.0,0.0,0,10,Overcast,cloudy,remote,0.2,0
LAGOS STATE,2024-07-02 03:00:00,02/07/2024,03:00:00,26.9,29.2,22.6,77.34,0.0,0.0,,0,0,28.1,16.2,253.7,1012.0,100.0,24.1,0.0,0.0,0,10,Overcast,cloudy,remote,0.0,0
LAGOS STATE,2024-07-02 04:00:00,02/07/2024,04:00:00,26.8,29.0,22.6,77.8,0.0,0.0,,0,0,28.1,15.1,257.6,1012.0,100.0,24.1,0.0,0.0,0,10,Overcast,cloudy,remote,0.0,0
LAGOS STATE,2024-07-02 05:00:00,02/07/2024,05:00:00,26.6,26.6,22.6,78.72,0.0,0.0,,0,0,24.8,12.2,266.9,1012.0,100.0,23.9,0.0,0.0,0,10,Overcast,cloudy,remote,0.0,0
LAGOS STATE,2024-07-02 06:00:00,02/07/2024,06:00:00,26.3,26.3,22.8,81.1,0.8,100.0,rain,0,0,20.9,9.7,280.4,1012.0,99.7,24.1,0.0,0.0,0,10,"Rain, Overcast",rain,remote,0.8,0
LAGOS STATE,2024-07-02 07:00:00,02/07/2024,07:00:00,26.1,26.1,22.9,82.57,0.2,100.0,rain,0,0,23.4,10.8,263.7,1013.0,83.8,24.1,3.0,0.0,0,10,"Rain, Partially cloudy",rain,remote,1.0,0
LAGOS STATE,2024-07-02 08:00:00,02/07/2024,08:00:00,27.0,29.5,22.9,78.3,0.0,0.0,,0,0,24.5,13.7,265.8,1013.0,93.1,24.1,112.0,0.4,1,10,Overcast,cloudy,remote,1.0,0
LAGOS STATE,2024-07-02 09:00:00,02/07/2024,09:00:00,28.1,31.1,22.7,72.53,0.3,100.0,rain,0,0,22.0,15.8,263.3,1014.0,94.3,24.1,281.0,1.0,3,30,"Rain, Overcast",rain,remote,0.5,0
LAGOS STATE,2024-07-02 10:00:00,02/07/2024,10:00:00,29.1,32.3,22.4,67.2,0.4,100.0,rain,0,0,21.6,18.4,254.4,1014.0,93.6,24.1,432.0,1.6,4,30,"Rain, Overcast",rain,remote,0.7,0
LAGOS STATE,2024-07-02 11:00:00,02/07/2024,11:00:00,29.6,33.0,22.4,65.29,0.5,100.0,rain,0,0,21.2,19.1,246.5,1013.0,98.9,24.1,598.0,2.2,6,30,"Rain, Overcast",rain,remote,1.2,0
LAGOS STATE,2024-07-02 12:00:00,02/07/2024,12:00:00,28.0,33.4,26.0,88.91,1.3,100.0,rain,0,0,22.7,16.6,260.0,1014.0,88.0,5.0,514.0,1.9,5,30,"Rain, Partially cloudy",rain,DNMM,2.2,0
LAGOS STATE,2024-07-02 13:00:00,02/07/2024,13:00:00,28.0,32.6,25.0,83.78,0.4,100.0,rain,0,0,24.8,11.2,240.0,1013.0,88.0,5.0,881.0,3.2,9,10,"Rain, Partially cloudy",rain,DNMM,2.2,0
LAGOS STATE,2024-07-02 14:00:00,02/07/2024,14:00:00,27.0,30.5,25.0,88.83,0.0,0.0,,0,0,24.8,9.4,250.0,1012.0,88.0,5.0,812.0,2.9,8,10,Partially cloudy,partly-cloudy-day,DNMM,1.7000000000000002,0
LAGOS STATE,2024-07-02 15:00:00,02/07/2024,15:00:00,27.0,30.5,25.0,88.83,0.5,100.0,rain,0,0,25.2,18.4,190.0,1012.0,88.0,5.0,553.0,2.0,6,10,"Rain, Partially cloudy",rain,DNMM,0.9,0
LAGOS STATE,2024-07-02 16:00:00,02/07/2024,16:00:00,25.0,25.0,24.0,94.19,0.2,100.0,rain,0,0,24.8,14.8,210.0,1012.0,88.0,3.0,509.0,1.8,5,10,"Rain, Partially cloudy",rain,DNMM,0.7,0
LAGOS STATE,2024-07-02 17:00:00,02/07/2024,17:00:00,24.0,24.0,24.0,100.0,0.1,100.0,rain,0,0,23.8,9.4,140.0,1011.0,88.0,3.0,373.0,1.3,4,10,"Rain, Partially cloudy",rain,DNMM,0.8,0
LAGOS STATE,2024-07-02 18:00:00,02/07/2024,18:00:00,26.0,26.0,25.0,94.23,0.1,100.0,rain,0,0,24.5,5.4,160.0,1011.0,88.0,4.0,225.0,0.8,2,10,"Rain, Partially cloudy",rain,DNMM,0.4,0
LAGOS STATE,2024-07-02 19:00:00,02/07/2024,19:00:00,26.0,26.0,25.0,94.23,0.1,100.0,rain,0,0,25.6,7.6,190.0,1012.0,50.0,5.0,54.0,0.2,1,10,"Rain, Partially cloudy",rain,DNMM,0.30000000000000004,0
LAGOS STATE,2024-07-02 20:00:00,02/07/2024,20:00:00,26.0,26.0,25.0,94.23,0.0,0.0,,0,0,25.6,9.4,240.0,1013.0,25.0,5.0,0.0,0.0,0,10,Partially cloudy,partly-cloudy-night,DNMM,0.2,0
LAGOS STATE,2024-07-02 21:00:00,02/07/2024,21:00:00,26.0,26.0,25.0,94.23,0.0,0.0,,0,0,27.0,7.6,280.0,1013.0,25.0,6.0,0.0,0.0,0,10,Partially cloudy,partly-cloudy-night,DNMM,0.1,0
LAGOS STATE,2024-07-02 22:00:00,02/07/2024,22:00:00,26.0,26.0,25.0,94.23,0.1,100.0,rain,0,0,25.9,13.0,220.0,1014.0,25.0,6.0,0.0,0.0,0,10,"Rain, Partially cloudy",rain,DNMM,0.1,0
LAGOS STATE,2024-07-02 23:00:00,02/07/2024,23:00:00,26.0,26.0,25.0,94.23,0.0,0.0,,0,0,27.0,11.2,220.0,1014.0,25.0,6.0,0.0,0.0,0,10,Partially cloudy,partly-cloudy-night,DNMM,0.1,0
LAGOS STATE,2024-07-03 00:00:00,03/07/2024,00:00:00,26.0,26.0,25.0,94.23,0.0,0.0,,0,0,26.3,7.6,190.0,1014.0,25.0,7.0,0.0,0.0,0,10,Partially cloudy,partly-cloudy-night,DNMM,0.1,0
LAGOS STATE,2024-07-03 01:00:00,03/07/2024,01:00:00,26.7,26.7,22.7,78.73,0.1,100.0,rain,0,0,25.2,16.2,230.2,1012.0,100.0,24.1,0.0,0.0,0,10,"Rain, Overcast",rain,remote,0.1,0
LAGOS STATE,2024-07-03 02:00:00,03/07/2024,02:00:00,26.4,26.4,22.8,80.62,0.2,100.0,rain,0,0,25.2,16.2,230.5,1012.0,100.0,24.1,0.0,0.0,0,10,"Rain, Overcast",rain,remote,0.30000000000000004,0
LAGOS STATE,2024-07-03 03:00:00,03/07/2024,03:00:00,26.0,26.0,25.0,94.23,0.0,0.0,rain,0,0,24.8,9.4,250.0,1012.0,25.0,7.0,0.0,0.0,0,10,Partially cloudy,partly-cloudy-night,DNMM,0.30000000000000004,0
LAGOS STATE,2024-07-03 04:00:00,03/07/2024,04:00:00,26.0,26.0,25.0,94.23,0.2,100.0,rain,0,0,24.8,5.4,180.0,1011.0,50.0,6.0,0.0,0.0,0,10,"Rain, Partially cloudy",rain,DNMM,0.4,0
LAGOS STATE,2024-07-03 05:00:00,03/07/2024,05:00:00,25.0,25.0,25.0,100.0,0.8,100.0,rain,0,0,26.3,18.4,190.0,1011.0,88.0,2.0,0.0,0.0,0,10,"Rain, Partially cloudy",rain,DNMM,1.0,0
LAGOS STATE,2024-07-03 06:00:00,03/07/2024,06:00:00,24.0,24.0,24.0,100.0,2.4,100.0,rain,0,0,27.7,16.6,210.0,1012.0,88.0,3.0,0.0,0.0,0,10,"Rain, Partially cloudy",rain,DNMM,3.4,0
LAGOS STATE,2024-07-03 07:00:00,03/07/2024,07:00:00,23.0,23.0,23.0,100.0,2.7,100.0,rain,0,0,30.2,5.4,200.0,1013.0,88.0,2.0,1.0,0.0,0,10,"Rain, Partially cloudy",rain,DNMM,5.9,1
LAGOS STATE,2024-07-03 08:00:00,03/07/2024,08:00:00,24.0,24.0,23.0,94.15,0.0,0.0,rain,0,0,29.5,5.4,240.0,1014.0,88.0,4.0,50.0,0.2,1,10,Partially cloudy,partly-cloudy-day,DNMM,5.1,1
LAGOS STATE,2024-07-03 09:00:00,03/07/2024,09:00:00,24.0,24.0,24.0,100.0,1.8,100.0,rain,0,0,29.5,7.6,290.0,1015.0,50.0,4.0,218.0,0.8,2,10,"Rain, Partially cloudy",rain,DNMM,4.5,1
LAGOS STATE,2024-07-03 10:00:00,03/07/2024,10:00:00,26.9,29.2,22.6,77.34,1.7,100.0,rain,0,0,30.2,21.2,247.5,1014.0,76.2,5.6,362.0,1.3,4,10,"Rain, Partially cloudy",rain,remote,3.5,0
LAGOS STATE,2024-07-03 11:00:00,03/07/2024,11:00:00,27.2,29.6,22.5,75.53,1.9,100.0,rain,0,0,31.0,22.0,249.8,1013.0,100.0,5.9,454.0,1.6,5,10,"Rain, Overcast",rain,remote,5.4,1
LAGOS STATE,2024-07-03 12:00:00,03/07/2024,12:00:00,25.0,25.0,24.0,94.19,1.8,100.0,rain,0,0,32.4,13.0,180.0,1015.0,50.0,4.0,210.0,0.8,2,10,"Rain, Partially cloudy",rain,DNMM,5.4,1
LAGOS STATE,2024-07-03 13:00:00,03/07/2024,13:00:00,25.5,25.5,23.0,86.07,1.6,100.0,rain,0,0,32.0,18.4,247.8,1013.0,100.0,7.0,156.0,0.6,2,10,"Rain, Overcast",rain,remote,5.3,1
LAGOS STATE,2024-07-03 14:00:00,03/07/2024,14:00:00,25.3,25.3,22.9,86.58,0.0,0.0,rain,0,0,31.3,17.6,243.9,1012.0,100.0,7.1,85.0,0.3,1,10,Overcast,cloudy,remote,3.4000000000000004,0
LAGOS STATE,2024-07-03 15:00:00,03/07/2024,15:00:00,25.0,25.0,25.0,100.0,1.6,100.0,rain,0,0,28.8,13.0,170.0,1012.0,50.0,4.0,61.0,0.2,1,10,"Rain, Partially cloudy",rain,DNMM,3.2,0
LAGOS STATE,2024-07-03 16:00:00,03/07/2024,16:00:00,25.0,25.0,25.0,100.0,1.5,100.0,rain,0,0,28.8,20.5,240.0,1012.0,50.0,6.0,33.0,0.1,0,10,"Rain, Partially cloudy",rain,DNMM,3.1,0
LAGOS STATE,2024-07-03 17:00:00,03/07/2024,17:00:00,25.0,25.0,25.0,100.0,2.0,100.0,rain,0,0,28.4,16.6,230.0,1012.0,50.0,7.0,17.0,0.1,0,10,"Rain, Partially cloudy",rain,DNMM,5.1,1
LAGOS STATE,2024-07-03 18:00:00,03/07/2024,18:00:00,26.0,26.0,25.0,94.23,3.2,100.0,rain,0,0,27.4,11.2,230.0,1012.0,88.0,7.0,8.0,0.0,0,10,"Rain, Partially cloudy",rain,DNMM,6.7,1
LAGOS STATE,2024-07-03 19:00:00,03/07/2024,19:00:00,25.0,25.0,25.0,100.0,3.9,100.0,rain,0,0,29.5,11.2,200.0,1013.0,88.0,8.0,2.0,0.0,0,10,"Rain, Partially cloudy",rain,DNMM,9.1,1
LAGOS STATE,2024-07-03 20:00:00,03/07/2024,20:00:00,25.0,25.0,25.0,100.0,0.0,0.0,rain,0,0,30.6,5.4,190.0,1013.0,88.0,8.0,0.0,0.0,0,10,Partially cloudy,partly-cloudy-night,DNMM,7.1,1
LAGOS STATE,2024-07-03 21:00:00,03/07/2024,21:00:00,25.0,25.0,25.0,100.0,5.0,100.0,rain,0,0,29.2,7.6,220.0,1014.0,88.0,8.0,0.0,0.0,0,10,"Rain, Partially cloudy",rain,DNMM,8.899999999999999,1
LAGOS STATE,2024-07-03 22:00:00,03/07/2024,22:00:00,24.1,24.1,23.0,93.58,2.6,100.0,rain,0,0,27.4,14.0,237.0,1014.0,100.0,14.0,0.0,0.0,0,10,"Rain, Overcast",rain,remote,7.6,1
LAGOS STATE,2024-07-03 23:00:00,03/07/2024,23:00:00,25.0,25.0,24.0,94.19,0.6,100.0,rain,0,0,28.4,0.0,0.0,1015.0,88.0,8.0,0.0,0.0,0,10,"Rain, Partially cloudy",rain,DNMM,8.2,1
LAGOS STATE,2024-07-04 00:00:00,04/07/2024,00:00:00,25.0,25.0,24.0,94.19,0.2,100.0,rain,0,0,22.7,0.0,0.0,1015.0,25.0,8.0,0.0,0.0,0,10,"Rain, Partially cloudy",rain,DNMM,3.399999999999999,0
LAGOS STATE,2024-07-04 01:00:00,04/07/2024,01:00:00,25.0,25.0,24.0,94.19,0.8,100.0,rain,0,0,20.9,3.6,285.3,1015.0,25.0,8.0,0.0,0.0,0,10,"Rain, Partially cloudy",rain,DNMM,1.5999999999999992,0
LAGOS STATE,2024-07-04 02:00:00,04/07/2024,02:00:00,25.0,25.0,24.0,94.19,0.0,0.0,rain,0,0,19.8,5.4,300.0,1014.0,25.0,8.0,0.0,0.0,0,10,Partially cloudy,partly-cloudy-night,DNMM,0.9999999999999992,0
LAGOS STATE,2024-07-04 03:00:00,04/07/2024,03:00:00,24.0,24.0,24.0,100.0,1.5,100.0,rain,0,0,21.2,7.6,310.0,1013.0,25.0,8.0,0.0,0.0,0,10,"Rain, Partially cloudy",rain,DNMM,2.299999999999999,0
LAGOS STATE,2024-07-04 04:00:00,04/07/2024,04:00:00,24.0,24.0,23.0,94.15,0.6,100.0,rain,0,0,21.6,3.6,261.3,1014.0,25.0,8.0,0.0,0.0,0,10,"Rain, Partially cloudy",rain,DNMM,2.099999999999999,0
LAGOS STATE,2024-07-04 05:00:00,04/07/2024,05:00:00,24.0,24.0,23.0,94.15,0.1,100.0,rain,0,0,25.2,3.6,254.1,1013.0,25.0,7.0,0.0,0.0,0,10,"Rain, Partially cloudy",rain,DNMM,2.1999999999999993,0
LAGOS STATE,2024-07-04 06:00:00,04/07/2024,06:00:00,24.0,24.0,23.0,94.15,0.0,0.0,,0,0,24.8,3.6,250.2,1014.0,25.0,6.0,0.0,0.0,0,10,Partially cloudy,partly-cloudy-night,DNMM,0.6999999999999991,0
LAGOS STATE,2024-07-04 07:00:00,04/07/2024,07:00:00,24.0,24.0,24.0,100.0,0.2,100.0,rain,0,0,21.6,3.6,260.7,1014.0,25.0,5.0,1.0,0.0,0,10,"Rain, Partially cloudy",rain,DNMM,0.29999999999999916,0
LAGOS STATE,2024-07-04 08:00:00,04/07/2024,08:00:00,24.0,24.0,24.0,100.0,0.0,0.0,,0,0,23.8,5.4,310.0,1015.0,25.0,5.0,12.0,0.0,0,10,Partially cloudy,partly-cloudy-day,DNMM,0.19999999999999912,0
LAGOS STATE,2024-07-04 09:00:00,04/07/2024,09:00:00,26.0,26.0,25.0,94.23,0.0,0.0,,0,0,23.0,13.0,320.0,1015.0,25.0,5.0,37.0,0.1,0,10,Partially cloudy,partly-cloudy-day,DNMM,0.19999999999999912,0
LAGOS STATE,2024-07-04 10:00:00,04/07/2024,10:00:00,27.0,30.5,25.0,88.83,0.1,100.0,rain,0,0,20.5,13.0,230.0,1015.0,50.0,8.0,398.0,1.4,4,10,"Rain, Partially cloudy",rain,DNMM,0.09999999999999912,0
LAGOS STATE,2024-07-04 11:00:00,04/07/2024,11:00:00,28.0,32.6,25.0,83.78,0.7,100.0,rain,0,0,19.4,22.3,230.0,1015.0,50.0,8.0,690.0,2.5,7,10,"Rain, Partially cloudy",rain,DNMM,0.799999999999999,0
LAGOS STATE,2024-07-04 12:00:00,04/07/2024,12:00:00,29.0,34.4,25.0,79.05,0.5,100.0,rain,0,0,20.9,13.0,270.0,1015.0,50.0,8.0,736.0,2.6,7,10,"Rain, Partially cloudy",rain,DNMM,1.299999999999999,0
LAGOS STATE,2024-07-04 13:00:00,04/07/2024,13:00:00,29.0,34.4,25.0,79.05,0.8,100.0,rain,0,0,21.6,13.0,200.0,1014.0,88.0,10.0,750.0,2.7,8,10,"Rain, Partially cloudy",rain,DNMM,1.9999999999999991,0
LAGOS STATE,2024-07-04 14:00:00,04/07/2024,14:00:00,30.0,36.1,25.0,74.62,0.0,0.0,,0,0,22.7,14.8,180.0,1014.0,88.0,10.0,375.0,1.3,4,10,Partially cloudy,partly-cloudy-day,DNMM,1.2999999999999994,0
LAGOS STATE,2024-07-04 15:00:00,04/07/2024,15:00:00,29.0,34.4,25.0,79.05,0.1,100.0,rain,0,0,23.0,11.2,160.0,1013.0,88.0,10.0,430.0,1.5,4,10,"Rain, Partially cloudy",rain,DNMM,0.8999999999999991,0
LAGOS STATE,2024-07-04 16:00:00,04/07/2024,16:00:00,29.0,34.4,25.0,79.05,0.2,100.0,rain,0,0,24.1,13.0,220.0,1013.0,88.0,10.0,542.0,2.0,5,10,"Rain, Partially cloudy",rain,DNMM,0.29999999999999916,0
LAGOS STATE,2024-07-04 17:00:00,04/07/2024,17:00:00,29.0,34.4,25.0,79.05,0.0,0.0,,0,0,25.9,7.6,210.0,1013.0,50.0,10.0,423.0,1.5,4,10,Partially cloudy,partly-cloudy-day,DNMM,0.29999999999999916,0
LAGOS STATE,2024-07-04 18:00:00,04/07/2024,18:00:00,28.0,31.8,24.0,78.91,0.0,0.0,,0,0,26.3,7.6,180.0,1012.0,50.0,10.0,267.0,1.0,3,10,Partially cloudy,partly-cloudy-day,DNMM,0.19999999999999912,0
LAGOS STATE,2024-07-04 19:00:00,04/07/2024,19:00:00,28.0,31.8,24.0,78.91,0.0,0.0,,0,0,24.8,7.6,220.0,1013.0,50.0,10.0,69.0,0.2,1,10,Partially cloudy,partly-cloudy-day,DNMM,0.0,0
LAGOS STATE,2024-07-04 20:00:00,04/07/2024,20:00:00,28.0,31.8,24.0,78.91,0.0,0.0,,0,0,24.1,9.4,210.0,1014.0,25.0,10.0,0.0,0.0,0,10,Partially cloudy,partly-cloudy-night,DNMM,0.0,0
LAGOS STATE,2024-07-04 21:00:00,04/07/2024,21:00:00,28.0,31.8,24.0,78.91,0.0,0.0,,0,0,22.0,7.6,200.0,1014.0,50.0,10.0,0.0,0.0,0,10,Partially cloudy,partly-cloudy-night,DNMM,0.0,0
LAGOS STATE,2024-07-04 22:00:00,04/07/2024,22:00:00,28.0,31.8,24.0,78.91,0.0,0.0,,0,0,21.6,5.4,200.0,1015.0,25.0,10.0,0.0,0.0,0,10,Partially cloudy,partly-cloudy-night,DNMM,0.0,0
LAGOS STATE,2024-07-04 23:00:00,04/07/2024,23:00:00,27.0,30.0,24.0,83.67,0.0,0.0,,0,0,20.2,3.6,241.5,1015.0,25.0,10.0,0.0,0.0,0,10,Partially cloudy,partly-cloudy-night,DNMM,0.0,0
LAGOS STATE,2024-07-05 00:00:00,05/07/2024,00:00:00,27.0,30.0,24.0,83.67,0.0,0.0,,0,0,20.2,3.6,243.3,1015.0,25.0,10.0,0.0,0.0,0,10,Partially cloudy,partly-cloudy-night,DNMM,0.0,0
LAGOS STATE,2024-07-05 01:00:00,05/07/2024,01:00:00,25.7,25.7,22.6,83.02,0.0,0.0,,0,0,18.4,9.7,250.7,1014.0,100.0,24.1,0.0,0.0,0,10,Overcast,cloudy,remote,0.0,0
LAGOS STATE,2024-07-05 02:00:00,05/07/2024,02:00:00,25.5,25.5,22.6,84.01,0.0,0.0,,0,0,18.7,9.7,258.4,1014.0,97.9,24.1,0.0,0.0,0,10,Overcast,cloudy,remote,0.0,0
LAGOS STATE,2024-07-05 03:00:00,05/07/2024,03:00:00,25.2,25.2,22.7,86.05,0.1,100.0,rain,0,0,16.2,8.3,278.4,1013.0,58.6,24.1,0.0,0.0,0,10,"Rain, Partially cloudy",rain,remote,0.09999999999999912,0
LAGOS STATE,2024-07-05 04:00:00,05/07/2024,04:00:00,27.0,30.0,24.0,83.67,0.0,0.0,rain,0,0,16.6,3.6,283.1,1014.0,25.0,8.0,0.0,0.0,0,10,Partially cloudy,partly-cloudy-night,DNMM,0.09999999999999912,0
LAGOS STATE,2024-07-05 05:00:00,05/07/2024,05:00:00,26.0,26.0,24.0,88.75,0.1,100.0,rain,0,0,15.5,3.6,284.8,1014.0,25.0,8.0,0.0,0.0,0,10,"Rain, Partially cloudy",rain,DNMM,0.19999999999999912,0
LAGOS STATE,2024-07-05 06:00:00,05/07/2024,06:00:00,25.0,25.0,24.0,94.19,0.0,0.0,,0,0,15.8,5.4,310.0,1014.0,25.0,8.0,0.0,0.0,0,10,Partially cloudy,partly-cloudy-night,DNMM,0.09999999999999912,0
LAGOS STATE,2024-07-05 07:00:00,05/07/2024,07:00:00,24.0,24.0,23.0,94.15,0.1,100.0,rain,0,0,14.8,5.4,210.0,1014.0,50.0,4.0,4.0,0.0,0,10,"Rain, Partially cloudy",rain,DNMM,0.19999999999999912,0
LAGOS STATE,2024-07-05 08:00:00,05/07/2024,08:00:00,25.0,25.0,24.0,94.19,0.0,0.0,,0,0,13.7,3.6,294.4,1015.0,25.0,4.0,88.0,0.3,1,10,Partially cloudy,partly-cloudy-day,DNMM,0.09999999999999912,0
LAGOS STATE,2024-07-05 09:00:00,05/07/2024,09:00:00,26.0,26.0,25.0,94.23,0.0,0.0,,0,0,18.4,9.4,290.0,1016.0,50.0,4.0,323.0,1.2,3,10,Partially cloudy,partly-cloudy-day,DNMM,0.09999999999999912,0
LAGOS STATE,2024-07-05 10:00:00,05/07/2024,10:00:00,27.0,30.5,25.0,88.83,0.0,0.0,,0,0,15.8,9.4,270.0,1016.0,50.0,6.0,558.0,2.0,6,10,Partially cloudy,partly-cloudy-day,DNMM,0.0,0
LAGOS STATE,2024-07-05 11:00:00,05/07/2024,11:00:00,28.0,32.6,25.0,83.78,0.1,100.0,rain,0,0,15.8,7.6,260.0,1016.0,50.0,8.0,729.0,2.6,7,10,"Rain, Partially cloudy",rain,DNMM,0.09999999999999912,0
LAGOS STATE,2024-07-05 12:00:00,05/07/2024,12:00:00,29.0,34.4,25.0,79.05,0.2,100.0,rain,0,0,15.5,11.2,270.0,1015.0,50.0,8.0,829.0,3.0,8,10,"Rain, Partially cloudy",rain,DNMM,0.29999999999999916,0
LAGOS STATE,2024-07-05 13:00:00,05/07/2024,13:00:00,30.4,33.5,21.7,59.75,0.3,48.4,rain,0,0,15.5,15.8,227.5,1013.0,81.3,16.7,584.0,2.1,6,10,"Rain, Partially cloudy",rain,,0.5999999999999991,0
LAGOS STATE,2024-07-05 14:00:00,05/07/2024,14:00:00,30.3,33.6,22.0,61.2,0.2,87.1,rain,0,0,16.9,18.4,231.7,1012.0,99.0,24.1,619.0,2.2,6,10,"Rain, Overcast",rain,,0.6999999999999991,0
LAGOS STATE,2024-07-05 15:00:00,05/07/2024,15:00:00,30.8,34.0,21.8,58.76,0.1,87.1,rain,0,0,16.9,18.4,229.4,1012.0,72.6,24.1,740.0,2.7,7,10,"Rain, Partially cloudy",rain,,0.5999999999999991,0
LAGOS STATE,2024-07-05 16:00:00,05/07/2024,16:00:00,30.2,33.3,21.8,60.81,0.1,87.1,rain,0,0,16.9,18.4,229.2,1011.0,74.4,24.1,507.0,1.8,5,10,"Rain, Partially cloudy",rain,,0.39999999999999913,0
LAGOS STATE,2024-07-05 17:00:00,05/07/2024,17:00:00,29.5,32.4,21.8,63.31,0.0,87.1,rain,0,0,17.6,19.4,225.2,1011.0,99.3,24.1,403.0,1.5,4,10,"Rain, Overcast",rain,,0.19999999999999912,0
LAGOS STATE,2024-07-05 18:00:00,05/07/2024,18:00:00,28.4,31.0,21.8,67.47,0.0,87.1,rain,0,0,19.8,18.0,222.4,1011.0,100.0,24.1,175.0,0.6,2,10,"Rain, Overcast",rain,,0.09999999999999912,0
LAGOS STATE,2024-07-05 19:00:00,05/07/2024,19:00:00,27.6,29.9,21.9,71.13,0.0,87.1,rain,0,0,21.6,16.6,224.1,1012.0,100.0,24.1,34.0,0.1,0,10,"Rain, Overcast",rain,,0.0,0
LAGOS STATE,2024-07-05 20:00:00,05/07/2024,20:00:00,27.4,29.8,22.2,73.3,0.0,32.3,,0,0,22.0,16.2,223.9,1012.0,100.0,24.1,0.0,0.0,0,10,Overcast,cloudy,,0.0,0
LAGOS STATE,2024-07-05 21:00:00,05/07/2024,21:00:00,27.3,29.7,22.4,74.63,0.0,32.3,,0,0,22.7,16.6,223.8,1013.0,100.0,24.1,0.0,0.0,0,10,Overcast,cloudy,,0.0,0
LAGOS STATE,2024-07-05 22:00:00,05/07/2024,22:00:00,26.4,26.4,22.9,81.11,1.0,32.3,rain,0,0,23.0,14.8,215.1,1014.0,100.0,10.3,0.0,0.0,0,10,Overcast,cloudy,,0.9999999999999991,0
LAGOS STATE,2024-07-05 23:00:00,05/07/2024,23:00:00,26.1,26.1,23.2,84.08,1.0,32.3,rain,0,0,25.9,15.8,212.6,1014.0,100.0,9.5,0.0,0.0,0,10,Overcast,cloudy,,1.9999999999999991,0
LAGOS STATE,2024-07-06 00:00:00,06/07/2024,00:00:00,26.1,26.1,23.3,84.59,0.6,32.3,rain,0,0,25.2,15.1,213.8,1014.0,95.9,19.8,0.0,0.0,0,10,Overcast,cloudy,,2.599999999999999,0
LAGOS STATE,2024-07-06 01:00:00,06/07/2024,01:00:00,25.8,25.8,23.2,85.59,0.5,32.3,rain,0,0,26.6,15.5,221.7,1013.0,91.0,7.2,0.0,0.0,0,10,Overcast,cloudy,,2.099999999999999,0
LAGOS STATE,2024-07-06 02:00:00,06/07/2024,02:00:00,25.6,25.6,23.1,86.08,0.9,54.8,rain,0,0,24.8,14.0,227.1,1013.0,100.0,19.4,0.0,0.0,0,10,"Rain, Overcast",rain,,1.9999999999999991,0
LAGOS STATE,2024-07-06 03:00:00,06/07/2024,03:00:00,25.3,25.3,23.0,87.1,1.2,54.8,rain,0,0,26.6,15.1,227.8,1013.0,100.0,5.8,0.0,0.0,0,10,"Rain, Overcast",rain,,2.5999999999999988,0
LAGOS STATE,2024-07-06 04:00:00,06/07/2024,04:00:00,25.3,25.3,23.0,87.1,1.2,54.8,rain,0,0,26.6,14.8,235.2,1012.0,100.0,24.1,0.0,0.0,0,10,"Rain, Overcast",rain,,3.299999999999999,0
LAGOS STATE,2024-07-06 05:00:00,06/07/2024,05:00:00,25.4,25.4,23.0,86.59,0.5,54.8,rain,0,0,26.6,14.8,237.1,1013.0,100.0,23.9,0.0,0.0,0,10,"Rain, Overcast",rain,,2.899999999999999,0
LAGOS STATE,2024-07-06 06:00:00,06/07/2024,06:00:00,25.4,25.4,23.0,86.59,0.2,54.8,rain,0,0,25.9,14.0,234.1,1013.0,100.0,24.1,0.0,0.0,0,10,"Rain, Overcast",rain,,1.899999999999999,0
LAGOS STATE,2024-07-06 07:00:00,06/07/2024,07:00:00,25.3,25.3,23.0,87.1,0.3,54.8,rain,0,0,24.8,14.0,230.7,1013.0,100.0,24.1,2.0,0.0,0,10,"Rain, Overcast",rain,,0.9999999999999991,0
LAGOS STATE,2024-07-06 08:00:00,06/07/2024,08:00:00,25.6,25.6,23.0,85.57,0.1,77.4,rain,0,0,24.5,14.4,229.8,1014.0,100.0,24.1,39.0,0.1,0,10,"Rain, Overcast",rain,,0.5999999999999991,0
LAGOS STATE,2024-07-06 09:00:00,06/07/2024,09:00:00,25.7,25.7,23.0,85.06,0.1,77.4,rain,0,0,23.0,14.0,234.0,1014.0,100.0,24.1,59.0,0.2,1,10,"Rain, Overcast",rain,,0.4999999999999991,0
LAGOS STATE,2024-07-06 10:00:00,06/07/2024,10:00:00,25.6,25.6,22.7,84.02,0.0,77.4,rain,0,0,22.0,13.7,237.4,1014.0,100.0,24.1,54.0,0.2,1,10,"Rain, Overcast",rain,,0.19999999999999912,0
LAGOS STATE,2024-07-06 11:00:00,06/07/2024,11:00:00,26.6,26.6,22.3,77.29,0.0,77.4,rain,0,0,20.9,14.4,240.2,1014.0,100.0,24.1,279.0,1.0,3,10,"Rain, Overcast",rain,,0.09999999999999912,0
LAGOS STATE,2024-07-06 12:00:00,06/07/2024,12:00:00,28.1,30.8,22.1,69.93,0.0,77.4,rain,0,0,18.7,15.8,240.3,1014.0,100.0,24.1,614.0,2.2,6,10,"Rain, Overcast",rain,,0.0,0
LAGOS STATE,2024-07-06 13:00:00,06/07/2024,13:00:00,28.7,31.5,22.0,67.12,0.0,77.4,rain,0,0,20.2,18.4,233.1,1013.0,100.0,24.1,651.0,2.3,7,10,"Rain, Overcast",rain,,0.0,0
LAGOS STATE,2024-07-06 14:00:00,06/07/2024,14:00:00,29.2,32.0,21.7,64.02,0.1,67.7,rain,0,0,21.6,20.5,229.7,1013.0,100.0,24.1,717.0,2.6,7,10,"Rain, Overcast",rain,,0.09999999999999912,0
LAGOS STATE,2024-07-06 15:00:00,06/07/2024,15:00:00,29.0,31.6,21.5,63.98,0.3,67.7,rain,0,0,23.0,20.9,230.8,1012.0,100.0,24.1,573.0,2.1,6,10,"Rain, Overcast",rain,,0.39999999999999913,0
LAGOS STATE,2024-07-06 16:00:00,06/07/2024,16:00:00,28.3,30.6,21.4,66.23,0.0,67.7,rain,0,0,23.4,20.9,232.1,1012.0,100.0,24.1,350.0,1.3,4,10,"Rain, Overcast",rain,,0.3999999999999991,0
LAGOS STATE,2024-07-06 17:00:00,06/07/2024,17:00:00,27.4,29.5,21.6,70.66,0.0,67.7,rain,0,0,24.1,20.2,232.0,1012.0,100.0,24.1,170.0,0.6,2,10,"Rain, Overcast",rain,,0.29999999999999905,0
LAGOS STATE,2024-07-06 18:00:00,06/07/2024,18:00:00,27.0,29.0,21.7,72.78,0.0,67.7,rain,0,0,23.8,18.7,230.0,1012.0,100.0,24.1,80.0,0.3,1,10,"Rain, Overcast",rain,,0.0,0
LAGOS STATE,2024-07-06 19:00:00,06/07/2024,19:00:00,26.7,26.7,21.8,74.53,0.0,67.7,rain,0,0,23.4,18.0,230.6,1013.0,100.0,24.1,42.0,0.2,0,10,"Rain, Overcast",rain,,0.0,0
LAGOS STATE,2024-07-06 20:00:00,06/07/2024,20:00:00,26.4,26.4,22.1,77.26,0.1,61.3,rain,0,0,23.0,16.6,232.7,1013.0,100.0,24.1,0.0,0.0,0,10,"Rain, Overcast",rain,,0.09999999999999912,0
LAGOS STATE,2024-07-06 21:00:00,06/07/2024,21:00:00,26.3,26.3,22.1,77.72,0.0,61.3,rain,0,0,23.0,15.5,238.3,1014.0,100.0,24.1,0.0,0.0,0,10,"Rain, Overcast",rain,,0.09999999999999912,0
LAGOS STATE,2024-07-06 22:00:00,06/07/2024,22:00:00,26.3,26.3,22.1,77.72,0.0,61.3,rain,0,0,22.7,15.1,249.3,1014.0,100.0,24.1,0.0,0.0,0,10,"Rain, Overcast",rain,,0.09999999999999912,0
LAGOS STATE,2024-07-06 23:00:00,06/07/2024,23:00:00,26.0,26.0,22.0,78.63,0.0,61.3,rain,0,0,22.7,15.1,263.5,1014.0,100.0,24.1,0.0,0.0,0,10,"Rain, Overcast",rain,,0.0,0
LAGOS STATE,2024-07-07 00:00:00,07/07/2024,00:00:00,25.7,25.7,21.9,79.56,0.0,61.3,rain,0,0,24.8,15.5,263.9,1013.0,100.0,24.1,0.0,0.0,0,10,"Rain, Overcast",rain,,0.0,0
LAGOS STATE,2024-07-07 01:00:00,07/07/2024,01:00:00,25.6,25.6,21.8,79.54,0.0,61.3,rain,0,0,25.6,14.8,259.0,1013.0,99.6,24.1,0.0,0.0,0,10,"Rain, Overcast",rain,,0.0,0
LAGOS STATE,2024-07-07 02:00:00,07/07/2024,02:00:00,25.5,25.5,21.8,80.02,0.0,54.8,rain,0,0,23.0,12.6,256.5,1013.0,97.6,24.1,0.0,0.0,0,10,"Rain, Overcast",rain,,0.0,0
LAGOS STATE,2024-07-07 03:00:00,07/07/2024,03:00:00,25.3,25.3,21.8,80.97,0.0,54.8,rain,0,0,19.1,10.4,264.5,1012.0,100.0,24.1,0.0,0.0,0,10,"Rain, Overcast",rain,,0.0,0
LAGOS STATE,2024-07-07 04:00:00,07/07/2024,04:00:00,25.3,25.3,21.8,80.97,0.0,54.8,rain,0,0,19.4,10.8,271.6,1012.0,99.9,24.1,0.0,0.0,0,10,"Rain, Overcast",rain,,0.0,0
LAGOS STATE,2024-07-07 05:00:00,07/07/2024,05:00:00,25.2,25.2,21.7,80.96,0.0,54.8,rain,0,0,18.7,10.1,267.9,1012.0,100.0,24.1,0.0,0.0,0,10,"Rain, Overcast",rain,,0.0,0
LAGOS STATE,2024-07-07 06:00:00,07/07/2024,06:00:00,24.9,24.9,21.7,82.42,0.0,54.8,rain,0,0,19.1,9.7,271.5,1013.0,100.0,24.1,0.0,0.0,0,10,"Rain, Overcast",rain,,0.0,0
LAGOS STATE,2024-07-07 07:00:00,07/07/2024,07:00:00,24.9,24.9,21.7,82.42,0.0,54.8,rain,0,0,14.0,7.6,284.3,1013.0,100.0,24.1,3.0,0.0,0,10,"Rain, Overcast",rain,,0.0,0
LAGOS STATE,2024-07-07 08:00:00,07/07/2024,08:00:00,25.4,25.4,21.8,80.49,0.0,80.6,rain,0,0,11.5,6.8,281.0,1014.0,100.0,24.1,47.0,0.2,0,10,"Rain, Overcast",rain,,0.0,0
LAGOS STATE,2024-07-07 09:00:00,07/07/2024,09:00:00,26.1,26.1,22.1,78.65,0.2,80.6,rain,0,0,11.2,6.8,285.7,1014.0,80.6,24.1,134.0,0.5,1,10,"Rain, Partially cloudy",rain,,0.19999999999999912,0
LAGOS STATE,2024-07-07 10:00:00,07/07/2024,10:00:00,27.6,30.1,22.2,72.44,0.8,80.6,rain,0,0,13.0,9.0,261.9,1014.0,100.0,13.2,452.0,1.6,5,10,"Rain, Overcast",rain,,0.9999999999999991,0
LAGOS STATE,2024-07-07 11:00:00,07/07/2024,11:00:00,28.4,31.3,22.3,69.56,1.3,80.6,rain,0,0,15.1,12.6,239.3,1014.0,100.0,11.1,663.0,2.4,7,10,"Rain, Overcast",rain,,2.299999999999999,0
LAGOS STATE,2024-07-07 12:00:00,07/07/2024,12:00:00,28.9,31.9,22.2,67.16,1.2,80.6,rain,0,0,16.2,14.0,232.3,1014.0,80.3,12.4,723.0,2.6,7,10,"Rain, Partially cloudy",rain,,3.299999999999999,0
LAGOS STATE,2024-07-07 13:00:00,07/07/2024,13:00:00,29.3,32.4,22.1,65.23,0.9,80.6,rain,0,0,18.4,17.3,231.8,1013.0,56.6,12.7,845.0,3.0,8,10,"Rain, Partially cloudy",rain,,3.399999999999999,0
LAGOS STATE,2024-07-07 14:00:00,07/07/2024,14:00:00,29.4,32.3,21.8,63.68,0.7,58.1,rain,0,0,22.0,20.9,229.3,1012.0,38.4,13.9,830.0,3.0,8,10,"Rain, Partially cloudy",rain,,2.799999999999999,0
LAGOS STATE,2024-07-07 15:00:00,07/07/2024,15:00:00,29.5,31.9,21.1,60.65,0.3,58.1,rain,0,0,23.8,22.3,227.1,1012.0,71.2,24.1,783.0,2.8,8,10,"Rain, Partially cloudy",rain,,1.899999999999999,0
LAGOS STATE,2024-07-07 16:00:00,07/07/2024,16:00:00,29.2,31.5,21.0,61.33,0.0,58.1,rain,0,0,25.6,23.0,231.7,1011.0,100.0,24.1,633.0,2.3,6,10,"Rain, Overcast",rain,,0.9999999999999991,0
LAGOS STATE,2024-07-07 17:00:00,07/07/2024,17:00:00,28.5,30.8,21.2,64.66,0.0,58.1,rain,0,0,27.0,22.0,233.6,1012.0,100.0,24.1,431.0,1.6,4,10,"Rain, Overcast",rain,,0.2999999999999991,0
LAGOS STATE,2024-07-07 18:00:00,07/07/2024,18:00:00,27.7,29.9,21.6,69.43,0.0,58.1,rain,0,0,28.8,20.5,231.4,1012.0,100.0,24.1,218.0,0.8,2,10,"Rain, Overcast",rain,,0.0,0
LAGOS STATE,2024-07-07 19:00:00,07/07/2024,19:00:00,27.0,29.0,21.8,73.23,0.0,58.1,rain,0,0,29.5,20.2,232.0,1012.0,100.0,24.1,53.0,0.2,1,10,"Rain, Overcast",rain,,0.0,0
LAGOS STATE,2024-07-07 20:00:00,07/07/2024,20:00:00,26.8,28.8,22.0,75.01,0.0,58.1,rain,0,0,29.2,18.7,235.7,1013.0,100.0,24.1,0.0,0.0,0,10,"Rain, Overcast",rain,,0.0,0
LAGOS STATE,2024-07-07 21:00:00,07/07/2024,21:00:00,26.6,26.6,22.2,76.83,0.0,58.1,rain,0,0,28.8,18.4,236.3,1014.0,100.0,24.1,0.0,0.0,0,10,"Rain, Overcast",rain,,0.0,0
LAGOS STATE,2024-07-07 22:00:00,07/07/2024,22:00:00,26.2,26.2,22.4,79.62,0.4,58.1,rain,0,0,27.7,17.6,237.2,1014.0,88.4,23.9,0.0,0.0,0,10,"Rain, Partially cloudy",rain,,0.39999999999999913,0
LAGOS STATE,2024-07-07 23:00:00,07/07/2024,23:00:00,26.0,26.0,22.3,80.08,0.1,58.1,rain,0,0,27.7,17.3,241.9,1014.0,71.3,24.1,0.0,0.0,0,10,"Rain, Partially cloudy",rain,,0.4999999999999991,0
LAGOS STATE,2024-07-08 00:00:00,08/07/2024,00:00:00,25.9,25.9,22.2,80.07,0.0,58.1,rain,0,0,27.0,16.6,246.3,1014.0,69.8,24.1,0.0,0.0,0,10,"Rain, Partially cloudy",rain,,0.4999999999999991,0
LAGOS STATE,2024-07-08 01:00:00,08/07/2024,01:00:00,25.8,25.8,22.0,79.57,0.0,58.1,rain,0,0,29.9,17.6,247.8,1013.0,75.9,24.1,0.0,0.0,0,10,"Rain, Partially cloudy",rain,,0.09999999999999912,0
LAGOS STATE,2024-07-08 02:00:00,08/07/2024,02:00:00,25.6,25.6,22.1,81.01,0.0,96.8,rain,0,0,30.2,17.6,254.8,1012.0,100.0,24.1,0.0,0.0,0,10,"Rain, Overcast",rain,,0.0,0
LAGOS STATE,2024-07-08 03:00:00,08/07/2024,03:00:00,25.5,25.5,22.2,81.99,0.0,96.8,rain,0,0,29.2,16.2,257.1,1012.0,100.0,24.1,0.0,0.0,0,10,"Rain, Overcast",rain,,0.0,0
LAGOS STATE,2024-07-08 04:00:00,08/07/2024,04:00:00,25.3,25.3,22.3,83.48,0.3,96.8,rain,0,0,28.4,15.5,261.2,1012.0,100.0,24.1,0.0,0.0,0,10,"Rain, Overcast",rain,,0.2999999999999991,0
LAGOS STATE,2024-07-08 05:00:00,08/07/2024,05:00:00,25.3,25.3,22.2,82.97,0.1,96.8,rain,0,0,28.8,14.8,262.3,1012.0,100.0,24.1,0.0,0.0,0,10,"Rain, Overcast",rain,,0.39999999999999913,0
LAGOS STATE,2024-07-08 06:00:00,08/07/2024,06:00:00,25.2,25.2,22.2,83.47,0.0,96.8,rain,0,0,27.7,13.3,273.2,1013.0,100.0,24.1,0.0,0.0,0,10,"Rain, Overcast",rain,,0.39999999999999913,0
LAGOS STATE,2024-07-08 07:00:00,08/07/2024,07:00:00,24.9,24.9,22.1,84.46,0.2,96.8,rain,0,0,27.0,12.2,288.4,1013.0,99.1,23.9,2.0,0.0,0,10,"Rain, Overcast",rain,,0.29999999999999916,0
LAGOS STATE,2024-07-08 08:00:00,08/07/2024,08:00:00,25.3,25.3,21.9,81.47,0.2,87.1,rain,0,0,27.7,13.7,280.8,1014.0,77.4,24.1,56.0,0.2,1,10,"Rain, Partially cloudy",rain,,0.39999999999999913,0
LAGOS STATE,2024-07-08 09:00:00,08/07/2024,09:00:00,26.8,28.7,21.6,73.2,0.0,87.1,rain,0,0,23.4,14.8,274.2,1014.0,89.5,24.1,260.0,0.9,3,10,"Rain, Partially cloudy",rain,,0.39999999999999913,0
LAGOS STATE,2024-07-08 10:00:00,08/07/2024,10:00:00,28.4,30.6,21.2,65.04,0.0,87.1,rain,0,0,20.5,14.8,267.3,1014.0,99.9,24.0,474.0,1.7,5,10,"Rain, Overcast",rain,,0.19999999999999912,0
LAGOS STATE,2024-07-08 11:00:00,08/07/2024,11:00:00,29.6,32.0,21.0,59.93,0.1,87.1,rain,0,0,19.4,16.2,258.4,1014.0,94.6,24.1,650.0,2.3,7,10,"Rain, Overcast",rain,,0.09999999999999912,0
LAGOS STATE,2024-07-08 12:00:00,08/07/2024,12:00:00,29.4,32.1,21.5,62.52,0.6,87.1,rain,0,0,18.4,16.6,251.4,1013.0,89.6,6.4,618.0,2.2,6,10,"Rain, Partially cloudy",rain,,0.6999999999999991,0
LAGOS STATE,2024-07-08 13:00:00,08/07/2024,13:00:00,29.2,32.1,21.9,64.81,0.5,87.1,rain,0,0,18.7,17.3,245.9,1013.0,97.8,24.1,555.0,2.0,6,10,"Rain, Overcast",rain,,1.199999999999999,0
LAGOS STATE,2024-07-08 14:00:00,08/07/2024,14:00:00,29.9,33.1,22.0,62.63,0.2,61.3,rain,0,0,19.1,18.4,239.4,1011.0,96.0,10.4,766.0,2.8,8,30,"Rain, Overcast",rain,,1.299999999999999,0
LAGOS STATE,2024-07-08 15:00:00,08/07/2024,15:00:00,29.2,32.5,22.5,67.22,1.2,61.3,rain,0,0,19.4,20.2,232.0,1011.0,71.0,5.4,700.0,2.5,7,30,"Rain, Partially cloudy",rain,,1.899999999999999,0
LAGOS STATE,2024-07-08 16:00:00,08/07/2024,16:00:00,28.7,31.8,22.5,69.2,0.9,61.3,rain,0,0,20.2,19.8,234.6,1010.0,100.0,24.1,533.0,1.9,5,30,"Rain, Overcast",rain,,2.299999999999999,0
LAGOS STATE,2024-07-08 17:00:00,08/07/2024,17:00:00,28.2,31.1,22.4,70.81,0.7,61.3,rain,0,0,20.2,19.8,230.2,1010.0,98.6,24.1,335.0,1.2,3,30,"Rain, Overcast",rain,,2.799999999999999,0
LAGOS STATE,2024-07-08 18:00:00,08/07/2024,18:00:00,27.4,29.9,22.4,74.2,0.6,61.3,rain,0,0,22.3,19.8,226.5,1011.0,100.0,24.1,156.0,0.6,2,10,"Rain, Overcast",rain,,2.1999999999999993,0
LAGOS STATE,2024-07-08 19:00:00,08/07/2024,19:00:00,26.5,26.5,22.3,77.75,1.2,61.3,rain,0,0,23.8,17.3,233.8,1011.0,99.4,18.7,35.0,0.1,0,10,"Rain, Overcast",rain,,2.499999999999999,0
LAGOS STATE,2024-07-08 20:00:00,08/07/2024,20:00:00,26.3,26.3,22.4,79.16,1.3,48.4,rain,0,0,28.1,16.9,238.3,1011.0,94.4,23.8,0.0,0.0,0,10,"Rain, Overcast",rain,,3.0999999999999988,0
LAGOS STATE,2024-07-08 21:00:00,08/07/2024,21:00:00,26.2,26.2,22.4,79.62,0.5,48.4,rain,0,0,31.3,18.0,245.8,1012.0,80.9,23.9,0.0,0.0,0,10,"Rain, Partially cloudy",rain,,2.999999999999999,0
LAGOS STATE,2024-07-08 22:00:00,08/07/2024,22:00:00,25.7,25.7,22.7,83.53,0.9,48.4,rain,0,0,33.1,19.1,240.5,1012.0,100.0,9.9,0.0,0.0,0,10,"Rain, Overcast",rain,,2.6999999999999993,0
LAGOS STATE,2024-07-08 23:00:00,08/07/2024,23:00:00,25.6,25.6,22.8,84.53,0.8,48.4,rain,0,0,31.0,18.7,240.2,1013.0,100.0,18.7,0.0,0.0,0,10,"Rain, Overcast",rain,,2.1999999999999993,0
LAGOS STATE,2024-07-09 00:00:00,09/07/2024,00:00:00,25.6,25.6,22.8,84.53,0.3,48.4,rain,0,0,32.4,20.9,238.0,1013.0,96.9,24.1,0.0,0.0,0,10,"Rain, Overcast",rain,,1.9999999999999991,0
LAGOS STATE,2024-07-09 01:00:00,09/07/2024,01:00:00,25.4,25.4,22.7,85.03,1.1,48.4,rain,0,0,32.8,21.6,236.3,1012.0,99.9,24.1,0.0,0.0,0,10,"Rain, Overcast",rain,,2.1999999999999993,0
LAGOS STATE,2024-07-09 02:00:00,09/07/2024,02:00:00,25.2,25.2,22.5,85.01,0.9,80.6,rain,0,0,32.0,19.4,242.0,1011.0,100.0,24.1,0.0,0.0,0,10,"Rain, Overcast",rain,,2.299999999999999,0
LAGOS STATE,2024-07-09 03:00:00,09/07/2024,03:00:00,24.9,24.9,22.3,85.5,0.4,80.6,rain,0,0,32.4,18.7,248.8,1011.0,97.7,19.9,0.0,0.0,0,10,"Rain, Overcast",rain,,2.3999999999999995,0
LAGOS STATE,2024-07-09 04:00:00,09/07/2024,04:00:00,24.9,24.9,22.2,84.98,0.3,80.6,rain,0,0,32.4,17.6,251.6,1011.0,100.0,23.9,0.0,0.0,0,10,"Rain, Overcast",rain,,1.5999999999999992,0
LAGOS STATE,2024-07-09 05:00:00,09/07/2024,05:00:00,24.8,24.8,22.1,84.97,0.2,80.6,rain,0,0,31.7,16.9,259.6,1011.0,99.9,10.2,0.0,0.0,0,10,"Rain, Overcast",rain,,0.8999999999999991,0
LAGOS STATE,2024-07-09 06:00:00,09/07/2024,06:00:00,24.6,24.6,22.1,85.99,0.8,80.6,rain,0,0,29.5,14.4,266.4,1012.0,80.0,6.3,0.0,0.0,0,10,"Rain, Partially cloudy",rain,,1.2999999999999992,0
LAGOS STATE,2024-07-09 07:00:00,09/07/2024,07:00:00,24.6,24.6,22.3,87.04,1.0,80.6,rain,0,0,26.6,12.6,267.4,1012.0,98.7,7.2,3.0,0.0,0,10,"Rain, Overcast",rain,,1.9999999999999991,0
LAGOS STATE,2024-07-09 08:00:00,09/07/2024,08:00:00,25.1,25.1,22.4,85.0,1.0,71.0,rain,0,0,27.0,14.0,272.3,1013.0,100.0,19.8,70.0,0.3,1,10,"Rain, Overcast",rain,,2.799999999999999,0
LAGOS STATE,2024-07-09 09:00:00,09/07/2024,09:00:00,25.6,25.6,22.3,82.01,0.8,71.0,rain,0,0,26.3,15.1,266.0,1014.0,100.0,24.1,173.0,0.6,2,10,"Rain, Overcast",rain,,2.799999999999999,0
LAGOS STATE,2024-07-09 10:00:00,09/07/2024,10:00:00,26.7,26.7,22.3,76.84,0.4,71.0,rain,0,0,25.9,16.6,259.3,1014.0,98.8,24.1,375.0,1.3,4,10,"Rain, Overcast",rain,,2.1999999999999993,0
LAGOS STATE,2024-07-09 11:00:00,09/07/2024,11:00:00,27.6,30.1,22.2,72.44,0.5,71.0,rain,0,0,24.1,18.7,250.5,1014.0,100.0,24.1,566.0,2.0,6,10,"Rain, Overcast",rain,,1.6999999999999993,0
LAGOS STATE,2024-07-09 12:00:00,09/07/2024,12:00:00,27.9,30.6,22.3,71.62,1.1,71.0,rain,0,0,25.6,21.2,246.6,1013.0,98.2,6.6,677.0,2.4,7,10,"Rain, Overcast",rain,,1.9999999999999993,0
LAGOS STATE,2024-07-09 13:00:00,09/07/2024,13:00:00,27.8,30.5,22.4,72.48,1.3,71.0,rain,0,0,27.7,23.4,242.4,1012.0,100.0,7.5,719.0,2.6,7,10,"Rain, Overcast",rain,,2.8999999999999995,0
LAGOS STATE,2024-07-09 14:00:00,09/07/2024,14:00:00,27.8,30.5,22.4,72.48,1.2,74.2,rain,0,0,29.9,25.2,238.3,1012.0,100.0,7.8,714.0,2.6,7,10,"Rain, Overcast",rain,,3.599999999999999,0
LAGOS STATE,2024-07-09 15:00:00,09/07/2024,15:00:00,27.4,29.8,22.1,72.85,0.6,74.2,rain,0,0,30.6,24.8,239.0,1011.0,100.0,24.1,463.0,1.7,5,10,"Rain, Overcast",rain,,3.099999999999999,0
LAGOS STATE,2024-07-09 16:00:00,09/07/2024,16:00:00,26.9,29.0,22.0,74.57,0.4,74.2,rain,0,0,31.0,23.8,234.8,1011.0,100.0,16.1,282.0,1.0,3,10,"Rain, Overcast",rain,,2.1999999999999993,0
LAGOS STATE,2024-07-09 17:00:00,09/07/2024,17:00:00,26.6,26.6,22.0,75.89,0.4,74.2,rain,0,0,30.2,22.0,233.3,1011.0,100.0,24.1,154.0,0.6,2,10,"Rain, Overcast",rain,,1.399999999999999,0
LAGOS STATE,2024-07-09 18:00:00,09/07/2024,18:00:00,26.3,26.3,21.9,76.78,0.0,74.2,rain,0,0,29.9,20.2,236.2,1011.0,100.0,24.1,80.0,0.3,1,10,"Rain, Overcast",rain,,0.7999999999999992,0
LAGOS STATE,2024-07-09 19:00:00,09/07/2024,19:00:00,26.1,26.1,21.9,77.69,0.1,74.2,rain,0,0,29.5,19.4,235.1,1012.0,100.0,24.1,24.0,0.1,0,10,"Rain, Overcast",rain,,0.4999999999999991,0
LAGOS STATE,2024-07-09 20:00:00,09/07/2024,20:00:00,25.9,25.9,22.0,79.1,0.0,41.9,rain,0,0,29.2,18.7,233.7,1012.0,99.8,21.9,0.0,0.0,0,10,Overcast,cloudy,,0.09999999999999912,0
LAGOS STATE,2024-07-09 21:00:00,09/07/2024,21:00:00,25.9,25.9,22.0,79.1,0.0,41.9,,0,0,28.8,18.4,236.3,1013.0,86.6,24.1,0.0,0.0,0,10,Partially cloudy,partly-cloudy-night,,0.09999999999999912,0
LAGOS STATE,2024-07-09 22:00:00,09/07/2024,22:00:00,25.7,25.7,22.1,80.53,0.0,41.9,rain,0,0,30.2,18.7,235.2,1013.0,60.7,24.1,0.0,0.0,0,10,Partially cloudy,partly-cloudy-night,,0.0,0
LAGOS STATE,2024-07-09 23:00:00,09/07/2024,23:00:00,25.7,25.7,22.1,80.53,0.0,41.9,rain,0,0,31.3,19.8,233.9,1013.0,41.5,24.1,0.0,0.0,0,10,Partially cloudy,partly-cloudy-night,,0.0,0
LAGOS STATE,2024-07-10 00:00:00,10/07/2024,00:00:00,25.5,25.5,22.0,81.0,0.2,41.9,rain,0,0,33.1,20.9,233.6,1013.0,93.0,24.1,0.0,0.0,0,10,Overcast,cloudy,,0.19999999999999912,0
LAGOS STATE,2024-07-10 01:00:00,10/07/2024,01:00:00,25.4,25.4,21.9,80.99,0.2,41.9,rain,0,0,31.7,19.4,240.0,1012.0,100.0,24.0,0.0,0.0,0,10,Overcast,cloudy,,0.39999999999999913,0
LAGOS STATE,2024-07-10 02:00:00,10/07/2024,02:00:00,25.2,25.2,21.9,81.96,0.0,67.7,rain,0,0,31.3,18.7,242.7,1012.0,100.0,24.0,0.0,0.0,0,10,"Rain, Overcast",rain,,0.39999999999999913,0
LAGOS STATE,2024-07-10 03:00:00,10/07/2024,03:00:00,24.9,24.9,21.9,82.94,0.0,67.7,rain,0,0,31.0,18.0,245.5,1012.0,100.0,23.9,0.0,0.0,0,10,"Rain, Overcast",rain,,0.19999999999999912,0
LAGOS STATE,2024-07-10 04:00:00,10/07/2024,04:00:00,24.8,24.8,21.9,83.94,1.1,67.7,rain,0,0,30.6,17.3,248.2,1012.0,100.0,23.9,0.0,0.0,0,10,"Rain, Overcast",rain,,1.0999999999999992,0
LAGOS STATE,2024-07-10 05:00:00,10/07/2024,05:00:00,24.6,24.6,22.0,85.29,0.0,67.7,rain,0,0,29.4,15.8,254.0,1012.3,98.4,18.4,0.3,0.0,0,10,"Rain, Overcast",rain,,1.0999999999999992,0
LAGOS STATE,2024-07-10 06:00:00,10/07/2024,06:00:00,24.4,24.4,22.1,86.68,0.0,67.7,rain,0,0,28.2,14.4,259.9,1012.7,96.9,12.9,0.7,0.0,0,10,"Rain, Overcast",rain,,1.0999999999999992,0
LAGOS STATE,2024-07-10 07:00:00,10/07/2024,07:00:00,24.3,24.3,22.2,88.08,1.9,67.7,rain,0,0,27.0,13.0,265.7,1013.0,95.3,7.4,1.0,0.0,0,10,"Rain, Overcast",rain,,1.899999999999999,0
LAGOS STATE,2024-07-10 08:00:00,10/07/2024,08:00:00,24.9,24.9,22.2,85.32,0.0,71.0,rain,0,0,26.9,14.6,260.5,1013.7,96.6,6.8,53.7,0.3,1,10,"Rain, Overcast",rain,,1.899999999999999,0
LAGOS STATE,2024-07-10 09:00:00,10/07/2024,09:00:00,25.4,25.4,22.3,82.66,0.0,71.0,rain,0,0,26.8,16.3,255.2,1014.3,97.9,6.1,106.3,0.5,1,10,"Rain, Overcast",rain,,1.899999999999999,0
LAGOS STATE,2024-07-10 10:00:00,10/07/2024,10:00:00,26.1,26.1,22.4,80.1,4.5,71.0,rain,0,0,26.6,18.0,250.0,1015.0,99.2,5.5,159.0,0.6,2,10,"Rain, Overcast",rain,,4.499999999999999,1
LAGOS STATE,2024-07-10 11:00:00,10/07/2024,11:00:00,26.3,26.3,22.4,79.0,0.0,71.0,rain,0,0,27.7,19.2,246.1,1014.7,93.2,6.8,222.7,0.8,2,10,"Rain, Overcast",rain,,4.499999999999999,1
LAGOS STATE,2024-07-10 12:00:00,10/07/2024,12:00:00,26.5,26.5,22.4,77.92,0.0,71.0,rain,0,0,28.8,20.4,242.1,1014.3,87.3,8.2,286.3,1.1,3,10,"Rain, Partially cloudy",rain,,4.499999999999999,1
LAGOS STATE,2024-07-10 13:00:00,10/07/2024,13:00:00,26.8,28.9,22.4,76.86,4.4,71.0,rain,0,0,29.9,21.6,238.2,1014.0,81.3,9.5,350.0,1.3,4,10,"Rain, Partially cloudy",rain,,4.3999999999999995,1
LAGOS STATE,2024-07-10 14:00:00,10/07/2024,14:00:00,26.8,29.0,22.3,76.55,0.0,45.2,rain,0,0,30.4,22.1,236.1,1013.3,69.6,10.2,438.7,1.6,4,10,"Rain, Partially cloudy",rain,,4.3999999999999995,1
LAGOS STATE,2024-07-10 15:00:00,10/07/2024,15:00:00,26.8,29.0,22.3,76.25,0.0,45.2,rain,0,0,30.8,22.6,233.9,1012.7,58.0,11.0,527.3,1.9,5,10,"Rain, Partially cloudy",rain,,4.3999999999999995,1
LAGOS STATE,2024-07-10 16:00:00,10/07/2024,16:00:00,26.9,29.1,22.3,75.94,2.2,45.2,rain,0,0,31.3,23.0,231.8,1012.0,46.3,11.7,616.0,2.2,6,10,"Rain, Partially cloudy",rain,,2.1999999999999993,0
LAGOS STATE,2024-07-10 17:00:00,10/07/2024,17:00:00,26.4,26.4,22.2,77.59,0.0,45.2,rain,0,0,31.0,21.6,233.4,1012.3,64.2,15.8,492.7,1.8,5,10,"Rain, Partially cloudy",rain,,2.1999999999999993,0
LAGOS STATE,2024-07-10 18:00:00,10/07/2024,18:00:00,26.0,26.0,22.1,79.28,0.0,45.2,rain,0,0,30.6,20.2,235.1,1012.7,82.1,20.0,369.3,1.3,4,10,"Rain, Partially cloudy",rain,,2.1999999999999993,0
LAGOS STATE,2024-07-10 19:00:00,10/07/2024,19:00:00,25.6,25.6,22.1,81.01,0.9,45.2,rain,0,0,30.2,18.7,236.7,1013.0,100.0,24.1,246.0,0.9,2,10,"Rain, Overcast",rain,,0.8999999999999991,0
LAGOS STATE,2024-07-10 20:00:00,10/07/2024,20:00:00,25.6,25.6,22.1,81.34,0.0,35.5,,0,0,30.0,18.2,237.6,1013.3,100.0,24.1,164.0,0.6,0,10,Overcast,cloudy,,0.8999999999999991,0
LAGOS STATE,2024-07-10 21:00:00,10/07/2024,21:00:00,25.6,25.6,22.2,81.67,0.0,35.5,,0,0,29.8,17.8,238.5,1013.7,100.0,24.1,82.0,0.3,0,10,Overcast,cloudy,,0.8999999999999991,0
LAGOS STATE,2024-07-10 22:00:00,10/07/2024,22:00:00,25.6,25.6,22.3,82.01,0.1,35.5,rain,0,0,29.5,17.3,239.4,1014.0,100.0,24.1,0.0,0.0,0,10,Overcast,cloudy,,0.09999999999999912,0
LAGOS STATE,2024-07-10 23:00:00,10/07/2024,23:00:00,25.4,25.4,22.2,82.49,0.0,35.5,,0,0,29.3,17.2,239.0,1014.0,100.0,24.1,0.0,0.0,0,10,Overcast,cloudy,,0.09999999999999912,0
LAGOS STATE,2024-07-11 00:00:00,11/07/2024,00:00:00,25.2,25.2,22.1,82.97,0.0,35.5,,0,0,29.0,17.0,238.6,1014.0,100.0,24.1,0.0,0.0,0,10,Overcast,cloudy,,0.09999999999999912,0
LAGOS STATE,2024-07-11 01:00:00,11/07/2024,01:00:00,25.1,25.1,22.1,83.46,0.4,35.5,rain,0,0,28.8,16.9,238.2,1014.0,100.0,24.1,0.0,0.0,0,10,Overcast,cloudy,,0.39999999999999913,0
LAGOS STATE,2024-07-11 02:00:00,11/07/2024,02:00:00,25.0,25.0,22.1,83.79,0.0,51.6,rain,0,0,28.8,16.4,240.9,1013.7,100.0,23.9,0.0,0.0,0,10,"Rain, Overcast",rain,,0.39999999999999913,0
LAGOS STATE,2024-07-11 03:00:00,11/07/2024,03:00:00,25.0,25.0,22.1,84.13,0.0,51.6,rain,0,0,28.8,16.0,243.7,1013.3,100.0,23.6,0.0,0.0,0,10,"Rain, Overcast",rain,,0.39999999999999913,0
LAGOS STATE,2024-07-11 04:00:00,11/07/2024,04:00:00,25.0,25.0,22.2,84.47,0.3,51.6,rain,0,0,28.8,15.5,246.4,1013.0,100.0,23.4,0.0,0.0,0,10,"Rain, Overcast",rain,,0.2999999999999991,0
LAGOS STATE,2024-07-11 05:00:00,11/07/2024,05:00:00,24.8,24.8,22.2,85.31,0.0,51.6,rain,0,0,28.0,14.4,256.0,1013.7,100.0,19.1,0.3,0.0,0,10,"Rain, Overcast",rain,,0.2999999999999991,0
LAGOS STATE,2024-07-11 06:00:00,11/07/2024,06:00:00,24.6,24.6,22.2,86.17,0.0,51.6,rain,0,0,27.1,13.3,265.6,1014.3,100.0,14.9,0.7,0.0,0,10,"Rain, Overcast",rain,,0.2999999999999991,0
LAGOS STATE,2024-07-11 07:00:00,11/07/2024,07:00:00,24.5,24.5,22.2,87.03,2.0,51.6,rain,0,0,26.3,12.2,275.2,1015.0,100.0,10.6,1.0,0.0,0,10,"Rain, Overcast",rain,,1.9999999999999991,0
LAGOS STATE,2024-07-11 08:00:00,11/07/2024,08:00:00,24.6,24.6,22.2,86.87,0.0,48.4,rain,0,0,25.4,12.4,267.6,1015.3,100.0,9.9,17.7,0.1,0,10,"Rain, Overcast",rain,,1.9999999999999991,0
LAGOS STATE,2024-07-11 09:00:00,11/07/2024,09:00:00,24.7,24.7,22.3,86.7,0.0,48.4,rain,0,0,24.6,12.5,260.0,1015.7,100.0,9.1,34.3,0.1,0,10,"Rain, Overcast",rain,,1.9999999999999991,0
LAGOS STATE,2024-07-11 10:00:00,11/07/2024,10:00:00,24.8,24.8,22.4,86.53,2.8,48.4,rain,0,0,23.8,12.6,252.4,1016.0,100.0,8.4,51.0,0.2,1,10,"Rain, Overcast",rain,,2.799999999999999,0
LAGOS STATE,2024-07-11 11:00:00,11/07/2024,11:00:00,24.9,24.9,22.3,85.33,0.0,48.4,rain,0,0,25.9,14.9,249.2,1015.7,100.0,11.2,92.7,0.3,1,10,"Rain, Overcast",rain,,2.799999999999999,0
LAGOS STATE,2024-07-11 12:00:00,11/07/2024,12:00:00,25.2,25.2,22.3,84.15,0.0,48.4,rain,0,0,28.1,17.2,246.1,1015.3,100.0,13.9,134.3,0.5,1,10,"Rain, Overcast",rain,,2.799999999999999,0
LAGOS STATE,2024-07-11 13:00:00,11/07/2024,13:00:00,25.4,25.4,22.3,82.99,2.8,48.4,rain,0,0,30.2,19.4,242.9,1015.0,100.0,16.7,176.0,0.6,2,10,"Rain, Overcast",rain,,2.799999999999999,0
LAGOS STATE,2024-07-11 14:00:00,11/07/2024,14:00:00,25.8,25.8,22.1,79.9,0.0,35.5,,0,0,29.6,19.9,240.0,1014.3,100.0,19.2,243.3,0.9,2,10,Overcast,cloudy,,2.799999999999999,0
LAGOS STATE,2024-07-11 15:00:00,11/07/2024,15:00:00,26.3,26.3,21.9,76.94,0.0,35.5,,0,0,29.0,20.4,237.0,1013.7,100.0,21.6,310.7,1.1,3,10,Overcast,cloudy,,2.799999999999999,0
LAGOS STATE,2024-07-11 16:00:00,11/07/2024,16:00:00,26.8,28.7,21.8,74.1,0.8,35.5,rain,0,0,28.4,20.9,234.1,1013.0,100.0,24.1,378.0,1.4,4,10,Overcast,cloudy,,0.7999999999999992,0
LAGOS STATE,2024-07-11 17:00:00,11/07/2024,17:00:00,26.4,26.4,21.7,75.26,0.0,35.5,,0,0,28.2,20.2,230.7,1013.3,100.0,24.1,316.3,1.2,3,10,Overcast,cloudy,,0.7999999999999992,0
LAGOS STATE,2024-07-11 18:00:00,11/07/2024,18:00:00,26.2,26.2,21.7,76.45,0.0,35.5,,0,0,28.0,19.4,227.3,1013.7,100.0,24.1,254.7,0.9,3,10,Overcast,cloudy,,0.7999999999999992,0
LAGOS STATE,2024-07-11 19:00:00,11/07/2024,19:00:00,25.9,25.9,21.7,77.66,0.1,35.5,rain,0,0,27.7,18.7,223.9,1014.0,100.0,24.1,193.0,0.7,2,10,Overcast,cloudy,,0.09999999999999912,0
LAGOS STATE,2024-07-11 20:00:00,11/07/2024,20:00:00,25.8,25.8,21.6,77.5,0.0,6.5,,0,0,26.4,17.5,225.9,1015.0,100.0,24.1,128.7,0.5,0,10,Overcast,cloudy,,0.09999999999999912,0
LAGOS STATE,2024-07-11 21:00:00,11/07/2024,21:00:00,25.8,25.8,21.5,77.34,0.0,6.5,,0,0,25.1,16.3,227.8,1016.0,100.0,24.1,64.3,0.2,0,10,Overcast,cloudy,,0.09999999999999912,0
LAGOS STATE,2024-07-11 22:00:00,11/07/2024,22:00:00,25.8,25.8,21.5,77.18,0.0,6.5,,0,0,23.8,15.1,229.8,1017.0,100.0,24.1,0.0,0.0,0,10,Overcast,cloudy,,0.0,0
LAGOS STATE,2024-07-11 23:00:00,11/07/2024,23:00:00,25.7,25.7,21.4,77.48,0.0,6.5,,0,0,24.7,15.6,231.4,1016.7,100.0,24.1,0.0,0.0,0,10,Overcast,cloudy,,0.0,0
LAGOS STATE,2024-07-12 00:00:00,12/07/2024,00:00:00,25.6,25.6,21.4,77.78,0.0,6.5,,0,0,25.7,16.1,232.9,1016.3,100.0,24.1,0.0,0.0,0,10,Overcast,cloudy,,0.0,0
LAGOS STATE,2024-07-12 01:00:00,12/07/2024,01:00:00,25.5,25.5,21.4,78.08,0.1,6.5,rain,0,0,26.6,16.6,234.5,1016.0,100.0,24.1,0.0,0.0,0,10,Overcast,cloudy,,0.09999999999999912,0
LAGOS STATE,2024-07-12 02:00:00,12/07/2024,02:00:00,25.4,25.4,21.2,77.91,0.0,38.7,,0,0,27.5,16.7,239.8,1015.3,100.0,24.1,0.0,0.0,0,10,Overcast,cloudy,,0.09999999999999912,0
LAGOS STATE,2024-07-12 03:00:00,12/07/2024,03:00:00,25.3,25.3,21.1,77.73,0.0,38.7,,0,0,28.3,16.8,245.0,1014.7,100.0,24.1,0.0,0.0,0,10,Overcast,cloudy,,0.09999999999999912,0
LAGOS STATE,2024-07-12 04:00:00,12/07/2024,04:00:00,25.2,25.2,21.0,77.56,0.1,38.7,rain,0,0,29.2,16.9,250.3,1014.0,100.0,24.1,0.0,0.0,0,10,Overcast,cloudy,,0.09999999999999912,0
LAGOS STATE,2024-07-12 05:00:00,12/07/2024,05:00:00,25.0,25.0,21.0,78.5,0.0,38.7,,0,0,28.9,16.0,255.5,1014.7,100.0,24.1,0.0,0.0,0,10,Overcast,cloudy,,0.09999999999999912,0
LAGOS STATE,2024-07-12 06:00:00,12/07/2024,06:00:00,24.9,24.9,21.1,79.45,0.0,38.7,,0,0,28.7,15.0,260.8,1015.3,100.0,24.1,0.0,0.0,0,10,Overcast,cloudy,,0.09999999999999912,0
LAGOS STATE,2024-07-12 07:00:00,12/07/2024,07:00:00,24.8,24.8,21.2,80.41,0.1,38.7,rain,0,0,28.4,14.0,266.0,1016.0,100.0,24.1,0.0,0.0,0,10,Overcast,cloudy,,0.09999999999999912,0
LAGOS STATE,2024-07-12 08:00:00,12/07/2024,08:00:00,25.1,25.1,21.1,78.35,0.0,41.9,,0,0,28.1,15.0,266.7,1016.3,99.7,24.1,30.7,0.2,0,10,Overcast,cloudy,,0.09999999999999912,0
LAGOS STATE,2024-07-12 09:00:00,12/07/2024,09:00:00,25.4,25.4,21.0,76.34,0.0,41.9,,0,0,27.7,16.0,267.5,1016.7,99.3,24.1,61.3,0.3,1,10,Overcast,cloudy,,0.09999999999999912,0
LAGOS STATE,2024-07-12 10:00:00,12/07/2024,10:00:00,25.8,25.8,20.9,74.39,0.2,41.9,rain,0,0,27.4,16.9,268.2,1017.0,99.0,24.1,92.0,0.3,1,10,Overcast,cloudy,,0.19999999999999912,0
LAGOS STATE,2024-07-12 11:00:00,12/07/2024,11:00:00,26.6,26.6,20.6,69.66,0.0,41.9,,0,0,26.5,17.9,261.0,1016.7,98.9,24.1,223.7,0.8,2,10,Overcast,cloudy,,0.19999999999999912,0
LAGOS STATE,2024-07-12 12:00:00,12/07/2024,12:00:00,27.4,29.1,20.3,65.25,0.0,41.9,,0,0,25.7,18.8,253.7,1016.3,98.7,24.1,355.3,1.3,4,10,Overcast,cloudy,,0.19999999999999912,0
LAGOS STATE,2024-07-12 13:00:00,12/07/2024,13:00:00,28.3,30.0,20.1,61.13,0.0,41.9,,0,0,24.8,19.8,246.5,1016.0,98.6,24.1,487.0,1.8,5,10,Overcast,cloudy,,0.0,0
LAGOS STATE,2024-07-12 14:00:00,12/07/2024,14:00:00,28.0,29.7,20.1,62.09,0.0,32.3,,0,0,25.7,20.6,242.2,1015.3,98.5,24.1,447.0,1.6,4,10,Overcast,cloudy,,0.0,0
LAGOS STATE,2024-07-12 15:00:00,12/07/2024,15:00:00,27.7,29.4,20.1,63.06,0.0,32.3,,0,0,26.5,21.5,238.0,1014.7,98.4,24.1,407.0,1.5,4,10,Overcast,cloudy,,0.0,0
LAGOS STATE,2024-07-12 16:00:00,12/07/2024,16:00:00,27.5,29.0,20.1,64.05,0.0,32.3,,0,0,27.4,22.3,233.7,1014.0,98.3,24.1,367.0,1.3,4,10,Overcast,cloudy,,0.0,0
LAGOS STATE,2024-07-12 17:00:00,12/07/2024,17:00:00,27.0,28.7,20.4,67.35,0.0,32.3,,0,0,26.9,20.6,235.7,1014.0,98.6,24.1,277.3,1.0,3,10,Overcast,cloudy,,0.0,0
LAGOS STATE,2024-07-12 18:00:00,12/07/2024,18:00:00,26.6,26.6,20.9,70.81,0.0,32.3,,0,0,26.4,19.0,237.7,1014.0,99.0,24.1,187.7,0.7,2,10,Overcast,cloudy,,0.0,0
LAGOS STATE,2024-07-12 19:00:00,12/07/2024,19:00:00,26.2,26.2,21.3,74.45,0.0,32.3,,0,0,25.9,17.3,239.7,1014.0,99.3,24.1,98.0,0.4,1,10,Overcast,cloudy,,0.0,0
LAGOS STATE,2024-07-12 20:00:00,12/07/2024,20:00:00,26.1,26.1,21.2,74.74,0.0,9.7,,0,0,25.0,16.4,241.8,1014.7,99.5,24.1,65.3,0.3,0,10,Overcast,cloudy,,0.0,0
LAGOS STATE,2024-07-12 21:00:00,12/07/2024,21:00:00,26.0,26.0,21.2,75.03,0.0,9.7,,0,0,24.0,15.6,244.0,1015.3,99.8,24.1,32.7,0.1,0,10,Overcast,cloudy,,0.0,0
LAGOS STATE,2024-07-12 22:00:00,12/07/2024,22:00:00,25.9,25.9,21.2,75.32,0.0,9.7,,0,0,23.0,14.8,246.1,1016.0,100.0,24.1,0.0,0.0,0,10,Overcast,cloudy,,0.0,0
LAGOS STATE,2024-07-12 23:00:00,12/07/2024,23:00:00,25.7,25.7,21.3,76.7,0.0,9.7,,0,0,24.0,15.1,243.4,1015.7,100.0,24.1,0.0,0.0,0,10,Overcast,cloudy,,0.0,0
LAGOS STATE,2024-07-13 00:00:00,13/07/2024,00:00:00,25.6,25.6,21.5,78.1,0.0,9.7,,0,0,25.0,15.5,240.6,1015.3,100.0,24.1,0.0,0.0,0,10,Overcast,cloudy,,0.0,0
LAGOS STATE,2024-07-13 01:00:00,13/07/2024,01:00:00,25.5,25.5,21.7,79.53,0.3,9.7,rain,0,0,25.9,15.8,237.9,1015.0,100.0,24.1,0.0,0.0,0,10,Overcast,cloudy,,0.2999999999999991,0
LAGOS STATE,2024-07-13 02:00:00,13/07/2024,02:00:00,25.3,25.3,21.5,79.67,0.0,35.5,,0,0,26.8,16.3,238.6,1014.7,100.0,24.1,0.0,0.0,0,10,Overcast,cloudy,,0.2999999999999991,0
LAGOS STATE,2024-07-13 03:00:00,13/07/2024,03:00:00,25.1,25.1,21.4,79.81,0.0,35.5,,0,0,27.6,16.8,239.3,1014.3,100.0,24.1,0.0,0.0,0,10,Overcast,cloudy,,0.2999999999999991,0
LAGOS STATE,2024-07-13 04:00:00,13/07/2024,04:00:00,25.0,25.0,21.3,79.95,0.2,35.5,rain,0,0,28.4,17.3,240.0,1014.0,100.0,24.1,0.0,0.0,0,10,Overcast,cloudy,,0.19999999999999912,0
LAGOS STATE,2024-07-13 05:00:00,13/07/2024,05:00:00,24.9,24.9,21.3,80.11,0.0,35.5,,0,0,27.5,16.1,246.2,1014.7,100.0,24.1,0.3,0.0,0,10,Overcast,cloudy,,0.19999999999999912,0
LAGOS STATE,2024-07-13 06:00:00,13/07/2024,06:00:00,24.9,24.9,21.3,80.27,0.0,35.5,,0,0,26.5,14.9,252.3,1015.3,100.0,24.1,0.7,0.0,0,10,Overcast,cloudy,,0.19999999999999912,0
LAGOS STATE,2024-07-13 07:00:00,13/07/2024,07:00:00,24.9,24.9,21.3,80.43,0.3,35.5,rain,0,0,25.6,13.7,258.5,1016.0,100.0,24.1,1.0,0.0,0,10,Overcast,cloudy,,0.2999999999999991,0
LAGOS STATE,2024-07-13 08:00:00,13/07/2024,08:00:00,25.8,25.8,21.1,75.46,0.0,45.2,rain,0,0,23.6,14.8,254.6,1016.3,88.3,24.1,95.3,0.3,1,10,"Rain, Partially cloudy",rain,,0.2999999999999991,0
LAGOS STATE,2024-07-13 09:00:00,13/07/2024,09:00:00,26.7,28.4,21.0,70.83,0.0,45.2,rain,0,0,21.7,15.8,250.7,1016.7,76.7,24.1,189.7,0.7,2,10,"Rain, Partially cloudy",rain,,0.2999999999999991,0
LAGOS STATE,2024-07-13 10:00:00,13/07/2024,10:00:00,27.7,29.6,20.9,66.51,0.2,45.2,rain,0,0,19.8,16.9,246.8,1017.0,65.0,24.1,284.0,1.0,3,10,"Rain, Partially cloudy",rain,,0.19999999999999912,0
LAGOS STATE,2024-07-13 11:00:00,13/07/2024,11:00:00,28.4,30.4,20.7,63.33,0.0,45.2,rain,0,0,20.4,18.2,243.0,1016.3,76.7,24.1,432.3,1.5,4,10,"Rain, Partially cloudy",rain,,0.19999999999999912,0
LAGOS STATE,2024-07-13 12:00:00,13/07/2024,12:00:00,29.1,31.2,20.6,60.31,0.0,45.2,rain,0,0,21.0,19.6,239.3,1015.7,88.3,24.1,580.7,2.1,6,10,"Rain, Partially cloudy",rain,,0.19999999999999912,0
LAGOS STATE,2024-07-13 13:00:00,13/07/2024,13:00:00,29.8,31.9,20.5,57.45,0.2,45.2,rain,0,0,21.6,20.9,235.5,1015.0,100.0,24.1,729.0,2.6,7,10,"Rain, Overcast",rain,,0.19999999999999912,0
LAGOS STATE,2024-07-13 14:00:00,13/07/2024,14:00:00,29.5,31.6,20.4,57.99,0.0,25.8,,0,0,22.0,21.1,232.8,1014.0,100.0,24.1,697.7,2.5,7,10,Overcast,cloudy,,0.19999999999999912,0
LAGOS STATE,2024-07-13 15:00:00,13/07/2024,15:00:00,29.3,31.3,20.3,58.53,0.0,25.8,,0,0,22.3,21.4,230.2,1013.0,100.0,24.1,666.3,2.4,7,10,Overcast,cloudy,,0.19999999999999912,0
LAGOS STATE,2024-07-13 16:00:00,13/07/2024,16:00:00,29.1,31.0,20.3,59.09,0.1,25.8,rain,0,0,22.7,21.6,227.5,1012.0,100.0,24.1,635.0,2.3,6,10,Overcast,cloudy,,0.09999999999999912,0
LAGOS STATE,2024-07-13 17:00:00,13/07/2024,17:00:00,28.2,30.1,20.5,63.04,0.0,25.8,,0,0,23.2,21.2,228.4,1012.3,97.9,24.1,500.7,1.8,5,10,Overcast,cloudy,,0.09999999999999912,0
LAGOS STATE,2024-07-13 18:00:00,13/07/2024,18:00:00,27.3,29.1,20.7,67.27,0.0,25.8,,0,0,23.6,20.9,229.2,1012.7,95.8,24.1,366.3,1.3,4,3,Overcast,cloudy,,0.09999999999999912,0
LAGOS STATE,2024-07-13 19:00:00,13/07/2024,19:00:00,26.5,26.5,21.0,71.81,0.0,25.8,,0,0,24.1,20.5,230.1,1013.0,93.7,24.1,232.0,0.8,2,3,Overcast,cloudy,,0.0,0
LAGOS STATE,2024-07-13 20:00:00,13/07/2024,20:00:00,26.3,26.3,20.9,72.37,0.0,16.1,,0,0,24.4,19.7,229.1,1013.7,85.6,24.1,154.7,0.5,0,3,Partially cloudy,partly-cloudy-night,,0.0,0
LAGOS STATE,2024-07-13 21:00:00,13/07/2024,21:00:00,26.1,26.1,20.9,72.94,0.0,16.1,,0,0,24.6,18.8,228.2,1014.3,77.5,24.1,77.3,0.3,0,3,Partially cloudy,partly-cloudy-night,,0.0,0
LAGOS STATE,2024-07-13 22:00:00,13/07/2024,22:00:00,26.0,26.0,20.9,73.51,0.0,16.1,,0,0,24.8,18.0,227.2,1015.0,69.4,24.1,0.0,0.0,0,3,Partially cloudy,partly-cloudy-night,,0.0,0
LAGOS STATE,2024-07-13 23:00:00,13/07/2024,23:00:00,25.8,25.8,20.8,73.79,0.0,16.1,,0,0,24.8,17.9,227.3,1015.0,79.6,24.1,0.0,0.0,0,10,Partially cloudy,partly-cloudy-night,,0.0,0
LAGOS STATE,2024-07-14 00:00:00,14/07/2024,00:00:00,25.7,25.7,20.7,74.07,0.0,16.1,,0,0,24.8,17.8,227.4,1015.0,89.8,24.1,0.0,0.0,0,10,Partially cloudy,partly-cloudy-night,,0.0,0
LAGOS STATE,2024-07-14 01:00:00,14/07/2024,01:00:00,25.6,25.6,20.7,74.35,0.0,16.1,,0,0,24.8,17.6,227.5,1015.0,100.0,24.1,0.0,0.0,0,10,Overcast,cloudy,,0.0,0
LAGOS STATE,2024-07-14 02:00:00,14/07/2024,02:00:00,25.4,25.4,20.4,74.17,0.0,29.0,,0,0,25.1,16.9,235.3,1014.7,100.0,24.1,0.0,0.0,0,10,Overcast,cloudy,,0.0,0
LAGOS STATE,2024-07-14 03:00:00,14/07/2024,03:00:00,25.2,25.2,20.2,73.98,0.0,29.0,,0,0,25.3,16.2,243.2,1014.3,100.0,24.1,0.0,0.0,0,10,Overcast,cloudy,,0.0,0
LAGOS STATE,2024-07-14 04:00:00,14/07/2024,04:00:00,25.0,25.0,20.0,73.79,0.0,29.0,,0,0,25.6,15.5,251.0,1014.0,100.0,24.1,0.0,0.0,0,10,Overcast,cloudy,,0.0,0
LAGOS STATE,2024-07-14 05:00:00,14/07/2024,05:00:00,24.9,24.9,20.0,74.39,0.0,29.0,,0,0,24.8,14.3,256.3,1014.7,99.8,24.1,0.3,0.0,0,10,Overcast,cloudy,,0.0,0
LAGOS STATE,2024-07-14 06:00:00,14/07/2024,06:00:00,24.8,24.8,20.0,74.99,0.0,29.0,,0,0,24.1,13.1,261.6,1015.3,99.7,24.1,0.7,0.0,0,10,Overcast,cloudy,,0.0,0
LAGOS STATE,2024-07-14 07:00:00,14/07/2024,07:00:00,24.7,24.7,20.1,75.59,0.0,29.0,rain,0,0,23.4,11.9,266.9,1016.0,99.5,24.1,1.0,0.0,0,10,Overcast,cloudy,,0.0,0
LAGOS STATE,2024-07-14 08:00:00,14/07/2024,08:00:00,25.4,25.4,19.9,72.06,0.0,29.0,,0,0,22.2,13.6,259.8,1016.3,99.7,24.1,50.7,0.2,1,10,Overcast,cloudy,,0.0,0
LAGOS STATE,2024-07-14 09:00:00,14/07/2024,09:00:00,26.1,26.1,19.9,68.7,0.0,29.0,,0,0,21.0,15.2,252.8,1016.7,99.8,24.1,100.3,0.3,1,10,Overcast,cloudy,,0.0,0
LAGOS STATE,2024-07-14 10:00:00,14/07/2024,10:00:00,26.8,28.1,19.8,65.51,0.1,29.0,rain,0,0,19.8,16.9,245.7,1017.0,100.0,24.1,150.0,0.5,2,10,Overcast,cloudy,,0.09999999999999912,0
LAGOS STATE,2024-07-14 11:00:00,14/07/2024,11:00:00,27.3,28.7,19.7,63.22,0.0,29.0,,0,0,19.1,17.4,241.2,1016.3,99.7,24.1,257.3,0.9,3,3,Overcast,cloudy,,0.09999999999999912,0
LAGOS STATE,2024-07-14 12:00:00,14/07/2024,12:00:00,27.8,29.2,19.6,61.02,0.0,29.0,,0,0,18.4,17.9,236.8,1015.7,99.5,24.1,364.7,1.3,4,5,Overcast,cloudy,,0.09999999999999912,0
LAGOS STATE,2024-07-14 13:00:00,14/07/2024,13:00:00,28.3,29.7,19.5,58.9,0.0,29.0,,0,0,17.6,18.4,232.3,1015.0,99.2,24.1,472.0,1.7,5,5,Overcast,cloudy,,0.0,0
LAGOS STATE,2024-07-14 14:00:00,14/07/2024,14:00:00,28.2,29.7,19.7,59.98,0.0,12.9,,0,0,18.4,18.8,230.9,1014.3,99.5,24.1,445.0,1.7,4,5,Overcast,cloudy,,0.0,0
LAGOS STATE,2024-07-14 15:00:00,14/07/2024,15:00:00,28.1,29.6,19.9,61.09,0.0,12.9,,0,0,19.1,19.3,229.4,1013.7,99.7,24.1,418.0,1.5,4,5,Overcast,cloudy,,0.0,0
LAGOS STATE,2024-07-14 16:00:00,14/07/2024,16:00:00,28.0,29.6,20.1,62.21,0.0,12.9,,0,0,19.8,19.8,228.0,1013.0,100.0,24.1,391.0,1.4,4,5,Overcast,cloudy,,0.0,0
LAGOS STATE,2024-07-14 17:00:00,14/07/2024,17:00:00,27.4,29.0,20.1,64.44,0.0,12.9,,0,0,20.8,19.4,229.4,1013.3,100.0,24.1,340.3,1.2,3,5,Overcast,cloudy,,0.0,0
LAGOS STATE,2024-07-14 18:00:00,14/07/2024,18:00:00,26.8,28.3,20.1,66.75,0.0,12.9,,0,0,21.7,19.1,230.8,1013.7,100.0,24.1,289.7,1.1,3,5,Overcast,cloudy,,0.0,0
LAGOS STATE,2024-07-14 19:00:00,14/07/2024,19:00:00,26.3,26.3,20.2,69.16,0.0,12.9,,0,0,22.7,18.7,232.2,1014.0,100.0,24.1,239.0,0.9,2,5,Overcast,cloudy,,0.0,0
LAGOS STATE,2024-07-14 20:00:00,14/07/2024,20:00:00,26.1,26.1,20.1,69.56,0.0,6.5,,0,0,23.2,17.9,231.7,1014.3,90.6,24.1,159.3,0.6,0,5,Overcast,cloudy,,0.0,0
LAGOS STATE,2024-07-14 21:00:00,14/07/2024,21:00:00,25.9,25.9,20.0,69.96,0.0,6.5,,0,0,23.6,17.0,231.1,1014.7,81.3,24.1,79.7,0.3,0,3,Partially cloudy,partly-cloudy-night,,0.0,0
LAGOS STATE,2024-07-14 22:00:00,14/07/2024,22:00:00,25.8,25.8,20.0,70.37,0.0,6.5,,0,0,24.1,16.2,230.6,1015.0,71.9,24.1,0.0,0.0,0,10,Partially cloudy,partly-cloudy-night,,0.0,0
LAGOS STATE,2024-07-14 23:00:00,14/07/2024,23:00:00,25.6,25.6,19.9,70.78,0.0,6.5,,0,0,25.1,16.4,231.3,1015.0,61.1,24.1,0.0,0.0,0,10,Partially cloudy,partly-cloudy-night,,0.0,0
LAGOS STATE,2024-07-15 00:00:00,15/07/2024,00:00:00,25.5,25.5,19.9,71.19,0.0,6.5,,0,0,26.0,16.7,232.0,1015.0,50.2,24.1,0.0,0.0,0,10,Partially cloudy,partly-cloudy-night,,0.0,0
LAGOS STATE,2024-07-15 01:00:00,15/07/2024,01:00:00,25.4,25.4,19.9,71.61,0.0,6.5,,0,0,27.0,16.9,232.7,1015.0,39.4,24.1,0.0,0.0,0,10,Partially cloudy,partly-cloudy-night,,0.0,0
LAGOS STATE,2024-07-15 02:00:00,15/07/2024,02:00:00,25.2,25.2,19.7,71.73,0.0,45.2,rain,0,0,26.6,16.2,239.4,1014.7,45.3,24.1,0.0,0.0,0,10,"Rain, Partially cloudy",rain,,0.0,0
LAGOS STATE,2024-07-15 03:00:00,15/07/2024,03:00:00,25.0,25.0,19.6,71.85,0.0,45.2,rain,0,0,26.3,15.5,246.1,1014.3,51.3,24.1,0.0,0.0,0,10,"Rain, Partially cloudy",rain,,0.0,0
LAGOS STATE,2024-07-15 04:00:00,15/07/2024,04:00:00,24.9,24.9,19.5,71.97,0.0,45.2,rain,0,0,25.9,14.8,252.8,1014.0,57.2,24.1,0.0,0.0,0,10,"Rain, Partially cloudy",rain,,0.0,0
LAGOS STATE,2024-07-15 05:00:00,15/07/2024,05:00:00,24.9,24.9,19.4,71.82,0.0,45.2,rain,0,0,25.4,14.0,252.7,1014.3,71.4,24.1,0.3,0.0,0,10,"Rain, Partially cloudy",rain,,0.0,0
LAGOS STATE,2024-07-15 06:00:00,15/07/2024,06:00:00,24.9,24.9,19.4,71.67,0.0,45.2,rain,0,0,25.0,13.3,252.7,1014.7,85.7,24.1,0.7,0.0,0,10,"Rain, Partially cloudy",rain,,0.0,0
LAGOS STATE,2024-07-15 07:00:00,15/07/2024,07:00:00,24.9,24.9,19.4,71.52,0.0,45.2,rain,0,0,24.5,12.6,252.6,1015.0,99.9,24.1,1.0,0.0,0,10,"Rain, Overcast",rain,,0.0,0
LAGOS STATE,2024-07-15 08:00:00,15/07/2024,08:00:00,25.4,25.4,19.4,69.71,0.0,22.6,,0,0,24.4,14.4,247.8,1015.3,99.9,24.1,28.3,0.2,0,10,Overcast,cloudy,,0.0,0
LAGOS STATE,2024-07-15 09:00:00,15/07/2024,09:00:00,25.9,25.9,19.5,67.95,0.0,22.6,,0,0,24.2,16.2,242.9,1015.7,100.0,24.1,55.7,0.3,1,10,Overcast,cloudy,,0.0,0
LAGOS STATE,2024-07-15 10:00:00,15/07/2024,10:00:00,26.4,26.4,19.6,66.25,0.0,22.6,,0,0,24.1,18.0,238.1,1016.0,100.0,24.1,83.0,0.3,1,10,Overcast,cloudy,,0.0,0
LAGOS STATE,2024-07-15 11:00:00,15/07/2024,11:00:00,27.0,28.3,19.5,63.82,0.0,22.6,,0,0,23.0,18.4,236.8,1015.7,95.3,24.1,171.7,0.6,2,10,Overcast,cloudy,,0.0,0
LAGOS STATE,2024-07-15 12:00:00,15/07/2024,12:00:00,27.6,28.9,19.5,61.48,0.0,22.6,,0,0,22.0,18.7,235.5,1015.3,90.6,24.1,260.3,1.0,3,10,Overcast,cloudy,,0.0,0
LAGOS STATE,2024-07-15 13:00:00,15/07/2024,13:00:00,28.2,29.6,19.5,59.24,0.0,22.6,,0,0,20.9,19.1,234.2,1015.0,85.9,24.1,349.0,1.3,3,10,Partially cloudy,partly-cloudy-day,,0.0,0
LAGOS STATE,2024-07-15 14:00:00,15/07/2024,14:00:00,28.3,29.7,19.4,58.66,0.0,16.1,,0,0,21.0,19.9,230.6,1014.3,79.7,24.1,401.0,1.5,4,10,Partially cloudy,partly-cloudy-day,,0.0,0
LAGOS STATE,2024-07-15 15:00:00,15/07/2024,15:00:00,28.4,29.8,19.4,58.09,0.0,16.1,,0,0,21.1,20.8,227.1,1013.7,73.5,24.1,453.0,1.6,5,10,Partially cloudy,partly-cloudy-day,,0.0,0
LAGOS STATE,2024-07-15 16:00:00,15/07/2024,16:00:00,28.6,30.0,19.4,57.52,0.1,16.1,rain,0,0,21.2,21.6,223.5,1013.0,67.3,24.1,505.0,1.8,5,10,Partially cloudy,partly-cloudy-day,,0.09999999999999912,0
LAGOS STATE,2024-07-15 17:00:00,15/07/2024,17:00:00,27.8,29.3,19.5,60.66,0.0,16.1,,0,0,22.9,21.2,224.6,1013.0,46.5,24.1,417.0,1.5,4,10,Partially cloudy,partly-cloudy-day,,0.09999999999999912,0
LAGOS STATE,2024-07-15 18:00:00,15/07/2024,18:00:00,27.1,28.5,19.7,63.98,0.0,16.1,,0,0,24.6,20.9,225.8,1013.0,25.8,24.1,329.0,1.2,3,10,Partially cloudy,partly-cloudy-day,,0.09999999999999912,0
LAGOS STATE,2024-07-15 19:00:00,15/07/2024,19:00:00,26.4,26.4,19.9,67.49,0.0,16.1,,0,0,26.3,20.5,226.9,1013.0,5.0,24.1,241.0,0.9,2,10,Clear,clear-day,,0.0,0
LAGOS STATE,2024-07-15 20:00:00,15/07/2024,20:00:00,26.2,26.2,20.1,69.02,0.0,9.7,,0,0,27.5,20.6,225.5,1013.3,24.4,24.1,160.7,0.6,0,10,Partially cloudy,partly-cloudy-night,,0.0,0
LAGOS STATE,2024-07-15 21:00:00,15/07/2024,21:00:00,26.1,26.1,20.3,70.57,0.0,9.7,,0,0,28.7,20.8,224.0,1013.7,43.7,24.1,80.3,0.3,0,10,Partially cloudy,partly-cloudy-night,,0.0,0
LAGOS STATE,2024-07-15 22:00:00,15/07/2024,22:00:00,26.0,26.0,20.6,72.16,0.0,9.7,,0,0,29.9,20.9,222.6,1014.0,63.1,24.1,0.0,0.0,0,10,Partially cloudy,partly-cloudy-night,,0.0,0
LAGOS STATE,2024-07-15 23:00:00,15/07/2024,23:00:00,25.8,25.8,20.5,72.58,0.0,9.7,,0,0,28.9,20.2,225.6,1014.0,75.4,24.1,0.0,0.0,0,10,Partially cloudy,partly-cloudy-night,,0.0,0
LAGOS STATE,2024-07-16 00:00:00,16/07/2024,00:00:00,25.6,25.6,20.4,73.0,0.0,9.7,,0,0,28.0,19.4,228.7,1014.0,87.7,24.1,0.0,0.0,0,10,Partially cloudy,partly-cloudy-night,,0.0,0
LAGOS STATE,2024-07-16 01:00:00,16/07/2024,01:00:00,25.5,25.5,20.4,73.42,0.0,9.7,,0,0,27.0,18.7,231.7,1014.0,100.0,24.1,0.0,0.0,0,10,Overcast,cloudy,,0.0,0
LAGOS STATE,2024-07-16 02:00:00,16/07/2024,02:00:00,25.3,25.3,20.3,73.7,0.0,38.7,,0,0,27.7,18.7,236.2,1013.7,100.0,24.1,0.0,0.0,0,10,Overcast,cloudy,,0.0,0
LAGOS STATE,2024-07-16 03:00:00,16/07/2024,03:00:00,25.2,25.2,20.2,73.99,0.0,38.7,,0,0,28.4,18.7,240.8,1013.3,100.0,24.1,0.0,0.0,0,10,Overcast,cloudy,,0.0,0
LAGOS STATE,2024-07-16 04:00:00,16/07/2024,04:00:00,25.1,25.1,20.2,74.27,0.0,38.7,rain,0,0,29.2,18.7,245.3,1013.0,100.0,24.1,0.0,0.0,0,10,Overcast,cloudy,,0.0,0
LAGOS STATE,2024-07-16 05:00:00,16/07/2024,05:00:00,25.0,25.0,20.2,74.72,0.0,38.7,,0,0,28.9,18.2,245.9,1013.7,100.0,24.1,0.3,0.0,0,10,Overcast,cloudy,,0.0,0
LAGOS STATE,2024-07-16 06:00:00,16/07/2024,06:00:00,25.0,25.0,20.3,75.18,0.0,38.7,,0,0,28.7,17.8,246.6,1014.3,100.0,24.1,0.7,0.0,0,10,Overcast,cloudy,,0.0,0
LAGOS STATE,2024-07-16 07:00:00,16/07/2024,07:00:00,25.0,25.0,20.4,75.64,0.2,38.7,rain,0,0,28.4,17.3,247.2,1015.0,100.0,24.1,1.0,0.0,0,10,Overcast,cloudy,,0.19999999999999912,0
LAGOS STATE,2024-07-16 08:00:00,16/07/2024,08:00:00,25.8,25.8,20.3,71.54,0.0,51.6,rain,0,0,26.9,18.7,241.9,1015.3,100.0,24.1,94.3,0.3,1,10,"Rain, Overcast",rain,,0.19999999999999912,0
LAGOS STATE,2024-07-16 09:00:00,16/07/2024,09:00:00,26.6,26.6,20.2,67.68,0.0,51.6,rain,0,0,25.3,20.2,236.7,1015.7,100.0,24.1,187.7,0.7,2,10,"Rain, Overcast",rain,,0.19999999999999912,0
LAGOS STATE,2024-07-16 10:00:00,16/07/2024,10:00:00,27.5,29.0,20.1,64.05,0.1,51.6,rain,0,0,23.8,21.6,231.4,1016.0,100.0,24.1,281.0,1.0,3,10,"Rain, Overcast",rain,,0.09999999999999912,0
LAGOS STATE,2024-07-16 11:00:00,16/07/2024,11:00:00,27.7,29.3,20.0,62.8,0.0,51.6,rain,0,0,23.9,22.0,232.1,1015.7,95.0,24.1,383.7,1.4,4,10,"Rain, Overcast",rain,,0.09999999999999912,0
LAGOS STATE,2024-07-16 12:00:00,16/07/2024,12:00:00,28.0,29.6,19.9,61.58,0.0,51.6,rain,0,0,24.0,22.3,232.9,1015.3,90.0,24.1,486.3,1.7,5,10,"Rain, Partially cloudy",rain,,0.09999999999999912,0
LAGOS STATE,2024-07-16 13:00:00,16/07/2024,13:00:00,28.3,29.9,19.9,60.38,0.2,51.6,rain,0,0,24.1,22.7,233.6,1015.0,85.0,24.1,589.0,2.1,6,10,"Rain, Partially cloudy",rain,,0.19999999999999912,0
LAGOS STATE,2024-07-16 14:00:00,16/07/2024,14:00:00,28.3,29.9,19.8,60.01,0.0,38.7,,0,0,24.8,23.3,234.2,1014.3,90.0,24.1,608.3,2.2,6,10,Partially cloudy,partly-cloudy-day,,0.19999999999999912,0
LAGOS STATE,2024-07-16 15:00:00,16/07/2024,15:00:00,28.3,29.9,19.7,59.65,0.0,38.7,,0,0,25.6,23.9,234.7,1013.7,95.0,24.1,627.7,2.2,6,10,Overcast,cloudy,,0.19999999999999912,0
LAGOS STATE,2024-07-16 16:00:00,16/07/2024,16:00:00,28.4,29.9,19.7,59.29,0.1,38.7,rain,0,0,26.3,24.5,235.3,1013.0,100.0,24.1,647.0,2.3,6,10,Overcast,cloudy,,0.09999999999999912,0
LAGOS STATE,2024-07-16 17:00:00,16/07/2024,17:00:00,27.7,29.2,19.8,62.27,0.0,38.7,,0,0,26.3,23.3,236.2,1013.3,98.4,24.1,510.7,1.8,5,10,Overcast,cloudy,,0.09999999999999912,0
LAGOS STATE,2024-07-16 18:00:00,16/07/2024,18:00:00,26.9,28.4,19.9,65.42,0.0,38.7,,0,0,26.3,22.1,237.1,1013.7,96.8,24.1,374.3,1.4,4,10,Overcast,cloudy,,0.09999999999999912,0
LAGOS STATE,2024-07-16 19:00:00,16/07/2024,19:00:00,26.3,26.3,20.1,68.74,0.0,38.7,,0,0,26.3,20.9,238.0,1014.0,95.2,24.1,238.0,0.9,2,10,Overcast,cloudy,,0.0,0
LAGOS STATE,2024-07-16 20:00:00,16/07/2024,20:00:00,26.1,26.1,20.2,69.99,0.0,22.6,,0,0,25.4,19.4,238.3,1014.7,93.4,24.1,158.7,0.6,0,10,Overcast,cloudy,,0.0,0
LAGOS STATE,2024-07-16 21:00:00,16/07/2024,21:00:00,25.9,25.9,20.3,71.27,0.0,22.6,,0,0,24.6,18.0,238.6,1015.3,91.5,24.1,79.3,0.3,0,10,Overcast,cloudy,,0.0,0
LAGOS STATE,2024-07-16 22:00:00,16/07/2024,22:00:00,25.8,25.8,20.5,72.57,0.0,22.6,,0,0,23.8,16.6,238.9,1016.0,89.7,24.1,0.0,0.0,0,10,Partially cloudy,partly-cloudy-night,,0.0,0
LAGOS STATE,2024-07-16 23:00:00,16/07/2024,23:00:00,25.5,25.5,20.5,73.59,0.0,22.6,,0,0,24.2,16.4,240.3,1015.3,85.8,24.1,0.0,0.0,0,10,Partially cloudy,partly-cloudy-night,,0.0,0
LAGOS STATE,2024-07-17 00:00:00,17/07/2024,00:00:00,25.3,25.3,20.5,74.61,0.0,22.6,,0,0,24.7,16.3,241.8,1014.7,82.0,24.1,0.0,0.0,0,10,Partially cloudy,partly-cloudy-night,,0.0,0
LAGOS STATE,2024-07-17 01:00:00,17/07/2024,01:00:00,25.1,25.1,20.5,75.66,0.1,22.6,rain,0,0,25.2,16.2,243.2,1014.0,78.1,24.1,0.0,0.0,0,10,Partially cloudy,partly-cloudy-night,,0.09999999999999912,0
LAGOS STATE,2024-07-17 02:00:00,17/07/2024,02:00:00,24.9,24.9,20.4,76.26,0.0,41.9,,0,0,25.1,15.5,247.5,1013.7,85.4,24.1,0.0,0.0,0,10,Partially cloudy,partly-cloudy-night,,0.09999999999999912,0
LAGOS STATE,2024-07-17 03:00:00,17/07/2024,03:00:00,24.7,24.7,20.4,76.86,0.0,41.9,,0,0,25.0,14.8,251.8,1013.3,92.7,24.1,0.0,0.0,0,10,Overcast,cloudy,,0.09999999999999912,0
LAGOS STATE,2024-07-17 04:00:00,17/07/2024,04:00:00,24.6,24.6,20.4,77.47,0.0,41.9,rain,0,0,24.8,14.0,256.1,1013.0,100.0,24.1,0.0,0.0,0,10,Overcast,cloudy,,0.0,0
LAGOS STATE,2024-07-17 05:00:00,17/07/2024,05:00:00,24.7,24.7,20.4,77.01,0.0,41.9,,0,0,24.2,13.6,258.3,1013.7,100.0,24.1,0.0,0.0,0,10,Overcast,cloudy,,0.0,0
LAGOS STATE,2024-07-17 06:00:00,17/07/2024,06:00:00,24.8,24.8,20.4,76.55,0.0,41.9,,0,0,23.6,13.1,260.4,1014.3,100.0,24.1,0.0,0.0,0,10,Overcast,cloudy,,0.0,0
LAGOS STATE,2024-07-17 07:00:00,17/07/2024,07:00:00,24.9,24.9,20.4,76.09,0.1,41.9,rain,0,0,23.0,12.6,262.6,1015.0,100.0,24.1,0.0,0.0,0,10,Overcast,cloudy,,0.09999999999999912,0
LAGOS STATE,2024-07-17 08:00:00,17/07/2024,08:00:00,25.4,25.4,20.4,74.17,0.0,67.7,rain,0,0,21.5,13.3,257.4,1015.7,99.9,24.1,48.7,0.2,0,10,"Rain, Overcast",rain,,0.09999999999999912,0
LAGOS STATE,2024-07-17 09:00:00,17/07/2024,09:00:00,25.9,25.9,20.5,72.29,0.0,67.7,rain,0,0,19.9,14.0,252.1,1016.3,99.8,24.1,97.3,0.3,1,10,"Rain, Overcast",rain,,0.09999999999999912,0
LAGOS STATE,2024-07-17 10:00:00,17/07/2024,10:00:00,26.4,26.4,20.6,70.48,0.2,67.7,rain,0,0,18.4,14.8,246.9,1017.0,99.7,24.1,146.0,0.5,1,3,"Rain, Overcast",rain,,0.19999999999999912,0
LAGOS STATE,2024-07-17 11:00:00,17/07/2024,11:00:00,27.1,28.8,20.5,67.22,0.0,67.7,rain,0,0,19.0,16.6,242.5,1016.7,86.5,24.1,296.7,1.1,3,10,"Rain, Partially cloudy",rain,,0.19999999999999912,0
LAGOS STATE,2024-07-17 12:00:00,17/07/2024,12:00:00,27.8,29.6,20.4,64.13,0.0,67.7,rain,0,0,19.6,18.4,238.1,1016.3,73.3,24.1,447.3,1.6,4,10,"Rain, Partially cloudy",rain,,0.19999999999999912,0
LAGOS STATE,2024-07-17 13:00:00,17/07/2024,13:00:00,28.6,30.5,20.4,61.2,0.2,67.7,rain,0,0,20.2,20.2,233.7,1016.0,60.1,24.1,598.0,2.2,6,10,"Rain, Partially cloudy",rain,,0.19999999999999912,0
LAGOS STATE,2024-07-17 14:00:00,17/07/2024,14:00:00,28.5,30.3,20.2,60.82,0.0,35.5,,0,0,21.1,20.8,234.2,1015.0,73.0,24.1,604.0,2.2,6,10,Partially cloudy,partly-cloudy-day,,0.19999999999999912,0
LAGOS STATE,2024-07-17 15:00:00,17/07/2024,15:00:00,28.5,30.2,20.1,60.43,0.0,35.5,,0,0,22.1,21.4,234.8,1014.0,85.8,24.1,610.0,2.2,6,10,Partially cloudy,partly-cloudy-day,,0.19999999999999912,0
LAGOS STATE,2024-07-17 16:00:00,17/07/2024,16:00:00,28.5,30.1,20.0,60.05,0.1,35.5,rain,0,0,23.0,22.0,235.3,1013.0,98.7,24.1,616.0,2.2,6,3,Overcast,cloudy,,0.09999999999999912,0
LAGOS STATE,2024-07-17 17:00:00,17/07/2024,17:00:00,27.8,29.4,20.0,62.43,0.0,35.5,,0,0,23.4,20.8,238.4,1013.3,96.8,24.1,500.7,1.8,5,10,Overcast,cloudy,,0.09999999999999912,0
LAGOS STATE,2024-07-17 18:00:00,17/07/2024,18:00:00,27.1,28.6,20.0,64.92,0.0,35.5,,0,0,23.8,19.6,241.4,1013.7,95.0,24.1,385.3,1.4,4,10,Overcast,cloudy,,0.09999999999999912,0
LAGOS STATE,2024-07-17 19:00:00,17/07/2024,19:00:00,26.5,26.5,20.0,67.51,0.0,35.5,,0,0,24.1,18.4,244.5,1014.0,93.1,24.1,270.0,1.0,3,10,Overcast,cloudy,,0.0,0
LAGOS STATE,2024-07-17 20:00:00,17/07/2024,20:00:00,26.2,26.2,20.1,69.02,0.0,22.6,,0,0,25.3,18.2,245.3,1014.7,95.4,24.1,180.0,0.7,0,10,Overcast,cloudy,,0.0,0
LAGOS STATE,2024-07-17 21:00:00,17/07/2024,21:00:00,26.0,26.0,20.2,70.55,0.0,22.6,,0,0,26.5,18.1,246.2,1015.3,97.7,24.1,90.0,0.3,0,3,Overcast,cloudy,,0.0,0
LAGOS STATE,2024-07-17 22:00:00,17/07/2024,22:00:00,25.8,25.8,20.4,72.13,0.0,22.6,,0,0,27.7,18.0,247.0,1016.0,100.0,24.1,0.0,0.0,0,5,Overcast,cloudy,,0.0,0
LAGOS STATE,2024-07-17 23:00:00,17/07/2024,23:00:00,25.6,25.6,20.2,72.1,0.0,22.6,,0,0,27.1,16.9,247.4,1015.7,82.9,24.1,0.0,0.0,0,3,Partially cloudy,partly-cloudy-night,,0.0,0
LAGOS STATE,2024-07-18 00:00:00,18/07/2024,00:00:00,25.5,25.5,20.1,72.08,0.0,22.6,,0,0,26.5,15.8,247.9,1015.3,65.8,24.1,0.0,0.0,0,10,Partially cloudy,partly-cloudy-night,,0.0,0
LAGOS STATE,2024-07-18 01:00:00,18/07/2024,01:00:00,25.4,25.4,20.0,72.06,0.0,22.6,,0,0,25.9,14.8,248.3,1015.0,48.7,24.1,0.0,0.0,0,10,Partially cloudy,partly-cloudy-night,,0.0,0
LAGOS STATE,2024-07-18 02:00:00,18/07/2024,02:00:00,25.2,25.2,19.9,72.77,0.0,41.9,,0,0,25.9,14.6,251.4,1014.7,54.1,24.1,0.0,0.0,0,10,Partially cloudy,partly-cloudy-night,,0.0,0
LAGOS STATE,2024-07-18 03:00:00,18/07/2024,03:00:00,24.9,24.9,19.9,73.49,0.0,41.9,,0,0,25.9,14.5,254.4,1014.3,59.6,24.1,0.0,0.0,0,10,Partially cloudy,partly-cloudy-night,,0.0,0
LAGOS STATE,2024-07-18 04:00:00,18/07/2024,04:00:00,24.8,24.8,19.9,74.22,0.0,41.9,,0,0,25.9,14.4,257.5,1014.0,65.0,24.1,0.0,0.0,0,10,Partially cloudy,partly-cloudy-night,,0.0,0
LAGOS STATE,2024-07-18 05:00:00,18/07/2024,05:00:00,24.7,24.7,20.0,75.13,0.0,41.9,,0,0,25.0,13.3,260.3,1014.7,61.5,24.1,0.3,0.0,0,10,Partially cloudy,partly-cloudy-night,,0.0,0
LAGOS STATE,2024-07-18 06:00:00,18/07/2024,06:00:00,24.6,24.6,20.1,76.05,0.0,41.9,,0,0,24.0,12.2,263.0,1015.3,57.9,24.1,0.7,0.0,0,10,Partially cloudy,partly-cloudy-night,,0.0,0
LAGOS STATE,2024-07-18 07:00:00,18/07/2024,07:00:00,24.5,24.5,20.2,76.98,0.0,41.9,,0,0,23.0,11.2,265.8,1016.0,54.4,24.1,1.0,0.0,0,3,Partially cloudy,partly-cloudy-day,,0.0,0
LAGOS STATE,2024-07-18 08:00:00,18/07/2024,08:00:00,25.6,25.6,20.1,71.66,0.0,64.5,rain,0,0,21.1,13.1,256.7,1016.0,57.0,24.1,111.7,0.5,1,3,"Rain, Partially cloudy",rain,,0.0,0
LAGOS STATE,2024-07-18 09:00:00,18/07/2024,09:00:00,26.8,28.3,20.1,66.75,0.0,64.5,rain,0,0,19.2,15.0,247.7,1016.0,59.6,24.1,222.3,0.9,2,3,"Rain, Partially cloudy",rain,,0.0,0
LAGOS STATE,2024-07-18 10:00:00,18/07/2024,10:00:00,28.0,29.6,20.1,62.21,0.0,64.5,rain,0,0,17.3,16.9,238.6,1016.0,62.2,24.1,333.0,1.2,3,3,"Rain, Partially cloudy",rain,,0.0,0
LAGOS STATE,2024-07-18 11:00:00,18/07/2024,11:00:00,27.7,29.4,20.2,63.58,0.0,64.5,rain,0,0,18.2,17.8,237.0,1015.3,54.0,24.1,364.3,1.3,4,3,"Rain, Partially cloudy",rain,,0.0,0
LAGOS STATE,2024-07-18 12:00:00,18/07/2024,12:00:00,27.4,29.1,20.3,64.98,0.0,64.5,rain,0,0,19.2,18.6,235.3,1014.7,45.9,24.1,395.7,1.4,4,3,"Rain, Partially cloudy",rain,,0.0,0
LAGOS STATE,2024-07-18 13:00:00,18/07/2024,13:00:00,27.2,28.8,20.4,66.41,0.0,64.5,rain,0,0,20.2,19.4,233.7,1014.0,37.7,24.1,427.0,1.5,4,3,"Rain, Partially cloudy",rain,,0.0,0
LAGOS STATE,2024-07-18 14:00:00,18/07/2024,14:00:00,27.2,28.9,20.4,66.42,0.0,29.0,,0,0,20.4,20.0,228.5,1013.3,32.5,24.1,499.7,1.8,5,3,Partially cloudy,partly-cloudy-day,,0.0,0
LAGOS STATE,2024-07-18 15:00:00,18/07/2024,15:00:00,27.3,29.0,20.5,66.44,0.0,29.0,,0,0,20.6,20.6,223.4,1012.7,27.4,24.1,572.3,2.0,6,3,Partially cloudy,partly-cloudy-day,,0.0,0
LAGOS STATE,2024-07-18 16:00:00,18/07/2024,16:00:00,27.4,29.1,20.6,66.45,0.1,29.0,rain,0,0,20.9,21.2,218.2,1012.0,22.2,24.1,645.0,2.3,6,3,Partially cloudy,partly-cloudy-day,,0.09999999999999912,0
LAGOS STATE,2024-07-18 17:00:00,18/07/2024,17:00:00,27.1,28.7,20.6,67.63,0.0,29.0,,0,0,21.1,19.9,219.7,1012.3,36.2,24.1,526.0,1.9,5,3,Partially cloudy,partly-cloudy-day,,0.09999999999999912,0
LAGOS STATE,2024-07-18 18:00:00,18/07/2024,18:00:00,26.8,28.4,20.6,68.83,0.0,29.0,,0,0,21.4,18.6,221.3,1012.7,50.1,24.1,407.0,1.4,4,3,Partially cloudy,partly-cloudy-day,,0.09999999999999912,0
LAGOS STATE,2024-07-18 19:00:00,18/07/2024,19:00:00,26.5,26.5,20.6,70.06,0.0,29.0,,0,0,21.6,17.3,222.8,1013.0,64.1,24.1,288.0,1.0,3,3,Partially cloudy,partly-cloudy-day,,0.0,0
LAGOS STATE,2024-07-18 20:00:00,18/07/2024,20:00:00,26.3,26.3,20.6,70.75,0.0,9.7,,0,0,20.8,16.2,224.9,1013.3,71.0,24.1,192.0,0.7,0,3,Partially cloudy,partly-cloudy-night,,0.0,0
LAGOS STATE,2024-07-18 21:00:00,18/07/2024,21:00:00,26.1,26.1,20.6,71.46,0.0,9.7,,0,0,19.9,15.1,227.0,1013.7,77.8,24.1,96.0,0.3,0,3,Partially cloudy,partly-cloudy-night,,0.0,0
LAGOS STATE,2024-07-18 22:00:00,18/07/2024,22:00:00,26.0,26.0,20.6,72.16,0.0,9.7,,0,0,19.1,14.0,229.1,1014.0,84.7,24.1,0.0,0.0,0,5,Partially cloudy,partly-cloudy-night,,0.0,0
LAGOS STATE,2024-07-18 23:00:00,18/07/2024,23:00:00,25.8,25.8,20.7,73.63,0.0,9.7,,0,0,19.7,14.0,231.2,1014.0,73.5,24.1,0.0,0.0,0,3,Partially cloudy,partly-cloudy-night,,0.0,0
LAGOS STATE,2024-07-19 00:00:00,19/07/2024,00:00:00,25.6,25.6,20.9,75.13,0.0,9.7,,0,0,20.3,14.0,233.3,1014.0,62.4,24.1,0.0,0.0,0,3,Partially cloudy,partly-cloudy-night,,0.0,0
LAGOS STATE,2024-07-19 01:00:00,19/07/2024,01:00:00,25.5,25.5,21.1,76.66,0.0,9.7,,0,0,20.9,14.0,235.4,1014.0,51.2,24.1,0.0,0.0,0,3,Partially cloudy,partly-cloudy-night,,0.0,0
LAGOS STATE,2024-07-19 02:00:00,19/07/2024,02:00:00,25.3,25.3,21.0,77.26,0.0,32.3,,0,0,22.7,14.6,241.0,1013.7,63.9,24.1,0.0,0.0,0,3,Partially cloudy,partly-cloudy-night,,0.0,0
LAGOS STATE,2024-07-19 03:00:00,19/07/2024,03:00:00,25.1,25.1,21.0,77.87,0.0,32.3,,0,0,24.5,15.2,246.6,1013.3,76.5,24.1,0.0,0.0,0,10,Partially cloudy,partly-cloudy-night,,0.0,0
LAGOS STATE,2024-07-19 04:00:00,19/07/2024,04:00:00,25.0,25.0,21.0,78.49,0.0,32.3,,0,0,26.3,15.8,252.2,1013.0,89.2,24.1,0.0,0.0,0,10,Partially cloudy,partly-cloudy-night,,0.0,0
LAGOS STATE,2024-07-19 05:00:00,19/07/2024,05:00:00,24.9,24.9,21.1,79.61,0.0,32.3,,0,0,26.8,15.7,251.2,1013.3,92.7,18.7,0.0,0.0,0,10,Overcast,cloudy,,0.0,0
LAGOS STATE,2024-07-19 06:00:00,19/07/2024,06:00:00,24.8,24.8,21.3,80.75,0.0,32.3,,0,0,27.2,15.6,250.2,1013.7,96.1,13.4,0.0,0.0,0,10,Overcast,cloudy,,0.0,0
LAGOS STATE,2024-07-19 07:00:00,19/07/2024,07:00:00,24.8,24.8,21.5,81.91,1.5,32.3,rain,0,0,27.7,15.5,249.2,1014.0,99.6,8.0,0.0,0.0,0,10,Overcast,cloudy,,1.4999999999999991,0
LAGOS STATE,2024-07-19 08:00:00,19/07/2024,08:00:00,25.0,25.0,21.5,80.61,0.0,38.7,,0,0,28.1,16.4,249.0,1014.7,99.7,13.4,20.3,0.1,0,10,Overcast,cloudy,,1.4999999999999991,0
LAGOS STATE,2024-07-19 09:00:00,19/07/2024,09:00:00,25.3,25.3,21.5,79.34,0.0,38.7,,0,0,28.4,17.4,248.9,1015.3,99.9,18.7,40.7,0.1,0,10,Overcast,cloudy,,1.4999999999999991,0
LAGOS STATE,2024-07-19 10:00:00,19/07/2024,10:00:00,25.6,25.6,21.5,78.1,0.4,38.7,rain,0,0,28.8,18.4,248.7,1016.0,100.0,24.1,61.0,0.2,1,10,Overcast,cloudy,,0.39999999999999913,0
LAGOS STATE,2024-07-19 11:00:00,19/07/2024,11:00:00,25.4,25.4,21.6,79.68,0.0,38.7,,0,0,30.2,19.2,247.6,1015.3,100.0,24.1,58.3,0.2,1,10,Overcast,cloudy,,0.39999999999999913,0
LAGOS STATE,2024-07-19 12:00:00,19/07/2024,12:00:00,25.2,25.2,21.7,81.29,0.0,38.7,,0,0,31.7,20.0,246.4,1014.7,100.0,24.1,55.7,0.2,1,10,Overcast,cloudy,,0.39999999999999913,0
LAGOS STATE,2024-07-19 13:00:00,19/07/2024,13:00:00,25.0,25.0,21.9,82.94,0.2,38.7,rain,0,0,33.1,20.9,245.3,1014.0,100.0,24.1,53.0,0.2,1,10,Overcast,cloudy,,0.19999999999999912,0
LAGOS STATE,2024-07-19 14:00:00,19/07/2024,14:00:00,25.0,25.0,21.8,82.61,0.0,25.8,,0,0,34.1,21.6,245.1,1013.3,100.0,24.1,55.3,0.2,1,10,Overcast,cloudy,,0.19999999999999912,0
LAGOS STATE,2024-07-19 15:00:00,19/07/2024,15:00:00,25.0,25.0,21.8,82.27,0.0,25.8,,0,0,35.0,22.3,244.8,1012.7,100.0,24.1,57.7,0.2,1,10,Overcast,cloudy,,0.19999999999999912,0
LAGOS STATE,2024-07-19 16:00:00,19/07/2024,16:00:00,25.1,25.1,21.8,81.94,0.4,25.8,rain,0,0,36.0,23.0,244.6,1012.0,100.0,24.1,60.0,0.2,1,10,Overcast,cloudy,,0.39999999999999913,0
LAGOS STATE,2024-07-19 17:00:00,19/07/2024,17:00:00,25.0,25.0,21.7,81.61,0.0,25.8,,0,0,34.7,22.2,244.3,1012.3,100.0,24.1,51.3,0.2,1,10,Overcast,cloudy,,0.39999999999999913,0
LAGOS STATE,2024-07-19 18:00:00,19/07/2024,18:00:00,25.0,25.0,21.6,81.27,0.0,25.8,,0,0,33.4,21.4,243.9,1012.7,100.0,24.1,42.7,0.1,0,10,Overcast,cloudy,,0.39999999999999913,0
LAGOS STATE,2024-07-19 19:00:00,19/07/2024,19:00:00,25.0,25.0,21.5,80.94,0.1,25.8,rain,0,0,32.0,20.5,243.6,1013.0,100.0,24.1,34.0,0.1,0,10,Overcast,cloudy,,0.09999999999999912,0
LAGOS STATE,2024-07-19 20:00:00,19/07/2024,20:00:00,24.9,24.9,21.5,81.26,0.0,12.9,,0,0,31.7,20.0,241.8,1013.7,93.4,24.1,22.7,0.1,0,10,Overcast,cloudy,,0.09999999999999912,0
LAGOS STATE,2024-07-19 21:00:00,19/07/2024,21:00:00,24.8,24.8,21.5,81.58,0.0,12.9,,0,0,31.3,19.6,240.0,1014.3,86.8,24.1,11.3,0.0,0,10,Partially cloudy,partly-cloudy-night,,0.09999999999999912,0
LAGOS STATE,2024-07-19 22:00:00,19/07/2024,22:00:00,24.8,24.8,21.5,81.91,0.4,12.9,rain,0,0,31.0,19.1,238.2,1015.0,80.2,24.1,0.0,0.0,0,10,Partially cloudy,partly-cloudy-night,,0.39999999999999913,0
LAGOS STATE,2024-07-19 23:00:00,19/07/2024,23:00:00,24.8,24.8,21.4,81.08,0.0,12.9,,0,0,31.8,19.4,238.6,1014.7,82.8,24.1,0.0,0.0,0,10,Partially cloudy,partly-cloudy-night,,0.39999999999999913,0
