Name,datetime,Date,Time,temp,feelslike,dew,humidity,precip,precipprob,preciptype,snow,snowdepth,windgust,windspeed,winddir,sealevelpressure,cloudcover,visibility,solarradiation,solarenergy,uvindex,severerisk,conditions,icon,stations
LAGOS STATE,2024-07-02T00:00:00,02/07/2024,00:00:00,27.1,29.6,22.7,76.9,0.2,100,rain,0,0,25.2,14.4,237.3,1013,99,24.1,0,0,0,10,"Rain, Overcast",rain,remote
LAGOS STATE,2024-07-02T01:00:00,02/07/2024,01:00:00,27.1,29.4,22.4,75.51,0,0,,0,0,26.3,14.8,235.6,1013,100,24.1,0,0,0,10,Overcast,cloudy,remote
LAGOS STATE,2024-07-02T02:00:00,02/07/2024,02:00:00,27.2,29.6,22.4,75.07,0,0,,0,0,26.3,15.5,244.1,1012,100,24.1,0,0,0,10,Overcast,cloudy,remote
LAGOS STATE,2024-07-02T03:00:00,02/07/2024,03:00:00,26.9,29.2,22.6,77.34,0,0,,0,0,28.1,16.2,253.7,1012,100,24.1,0,0,0,10,Overcast,cloudy,remote
LAGOS STATE,2024-07-02T04:00:00,02/07/2024,04:00:00,26.8,29,22.6,77.8,0,0,,0,0,28.1,15.1,257.6,1012,100,24.1,0,0,0,10,Overcast,cloudy,remote
LAGOS STATE,2024-07-02T05:00:00,02/07/2024,05:00:00,26.6,26.6,22.6,78.72,0,0,,0,0,24.8,12.2,266.9,1012,100,23.9,0,0,0,10,Overcast,cloudy,remote
LAGOS STATE,2024-07-02T06:00:00,02/07/2024,06:00:00,26.3,26.3,22.8,81.1,0.8,100,rain,0,0,20.9,9.7,280.4,1012,99.7,24.1,0,0,0,10,"Rain, Overcast",rain,remote
LAGOS STATE,2024-07-02T07:00:00,02/07/2024,07:00:00,26.1,26.1,22.9,82.57,0.2,100,rain,0,0,23.4,10.8,263.7,1013,83.8,24.1,3,0,0,10,"Rain, Partially cloudy",rain,remote
LAGOS STATE,2024-07-02T08:00:00,02/07/2024,08:00:00,27,29.5,22.9,78.3,0,0,,0,0,24.5,13.7,265.8,1013,93.1,24.1,112,0.4,1,10,Overcast,cloudy,remote
LAGOS STATE,2024-07-02T09:00:00,02/07/2024,09:00:00,28.1,31.1,22.7,72.53,0.3,100,rain,0,0,22,15.8,263.3,1014,94.3,24.1,281,1,3,30,"Rain, Overcast",rain,remote
LAGOS STATE,2024-07-02T10:00:00,02/07/2024,10:00:00,29.1,32.3,22.4,67.2,0.4,100,rain,0,0,21.6,18.4,254.4,1014,93.6,24.1,432,1.6,4,30,"Rain, Overcast",rain,remote
LAGOS STATE,2024-07-02T11:00:00,02/07/2024,11:00:00,29.6,33,22.4,65.29,0.5,100,rain,0,0,21.2,19.1,246.5,1013,98.9,24.1,598,2.2,6,30,"Rain, Overcast",rain,remote
LAGOS STATE,2024-07-02T12:00:00,02/07/2024,12:00:00,28,33.4,26,88.91,1.3,100,rain,0,0,22.7,16.6,260,1014,88,5,514,1.9,5,30,"Rain, Partially cloudy",rain,DNMM
LAGOS STATE,2024-07-02T13:00:00,02/07/2024,13:00:00,28,32.6,25,83.78,0.4,100,rain,0,0,24.8,11.2,240,1013,88,5,881,3.2,9,10,"Rain, Partially cloudy",rain,DNMM
LAGOS STATE,2024-07-02T14:00:00,02/07/2024,14:00:00,27,30.5,25,88.83,0,0,,0,0,24.8,9.4,250,1012,88,5,812,2.9,8,10,Partially cloudy,partly-cloudy-day,DNMM
LAGOS STATE,2024-07-02T15:00:00,02/07/2024,15:00:00,27,30.5,25,88.83,0.5,100,rain,0,0,25.2,18.4,190,1012,88,5,553,2,6,10,"Rain, Partially cloudy",rain,DNMM
LAGOS STATE,2024-07-02T16:00:00,02/07/2024,16:00:00,25,25,24,94.19,0.2,100,rain,0,0,24.8,14.8,210,1012,88,3,509,1.8,5,10,"Rain, Partially cloudy",rain,DNMM
LAGOS STATE,2024-07-02T17:00:00,02/07/2024,17:00:00,24,24,24,100,0.1,100,rain,0,0,23.8,9.4,140,1011,88,3,373,1.3,4,10,"Rain, Partially cloudy",rain,DNMM
LAGOS STATE,2024-07-02T18:00:00,02/07/2024,18:00:00,26,26,25,94.23,0.1,100,rain,0,0,24.5,5.4,160,1011,88,4,225,0.8,2,10,"Rain, Partially cloudy",rain,DNMM
LAGOS STATE,2024-07-02T19:00:00,02/07/2024,19:00:00,26,26,25,94.23,0.1,100,rain,0,0,25.6,7.6,190,1012,50,5,54,0.2,1,10,"Rain, Partially cloudy",rain,DNMM
LAGOS STATE,2024-07-02T20:00:00,02/07/2024,20:00:00,26,26,25,94.23,0,0,,0,0,25.6,9.4,240,1013,25,5,0,0,0,10,Partially cloudy,partly-cloudy-night,DNMM
LAGOS STATE,2024-07-02T21:00:00,02/07/2024,21:00:00,26,26,25,94.23,0,0,,0,0,27,7.6,280,1013,25,6,0,0,0,10,Partially cloudy,partly-cloudy-night,DNMM
LAGOS STATE,2024-07-02T22:00:00,02/07/2024,22:00:00,26,26,25,94.23,0.1,100,rain,0,0,25.9,13,220,1014,25,6,0,0,0,10,"Rain, Partially cloudy",rain,DNMM
LAGOS STATE,2024-07-02T23:00:00,02/07/2024,23:00:00,26,26,25,94.23,0,0,,0,0,27,11.2,220,1014,25,6,0,0,0,10,Partially cloudy,partly-cloudy-night,DNMM
LAGOS STATE,2024-07-03T00:00:00,03/07/2024,00:00:00,26,26,25,94.23,0,0,,0,0,26.3,7.6,190,1014,25,7,0,0,0,10,Partially cloudy,partly-cloudy-night,DNMM
LAGOS STATE,2024-07-03T01:00:00,03/07/2024,01:00:00,26.7,26.7,22.7,78.73,0.1,100,rain,0,0,25.2,16.2,230.2,1012,100,24.1,0,0,0,10,"Rain, Overcast",rain,remote
LAGOS STATE,2024-07-03T02:00:00,03/07/2024,02:00:00,26.4,26.4,22.8,80.62,0.2,100,rain,0,0,25.2,16.2,230.5,1012,100,24.1,0,0,0,10,"Rain, Overcast",rain,remote
LAGOS STATE,2024-07-03T03:00:00,03/07/2024,03:00:00,26,26,25,94.23,0,0,rain,0,0,24.8,9.4,250,1012,25,7,0,0,0,10,Partially cloudy,partly-cloudy-night,DNMM
LAGOS STATE,2024-07-03T04:00:00,03/07/2024,04:00:00,26,26,25,94.23,0.2,100,rain,0,0,24.8,5.4,180,1011,50,6,0,0,0,10,"Rain, Partially cloudy",rain,DNMM
LAGOS STATE,2024-07-03T05:00:00,03/07/2024,05:00:00,25,25,25,100,0.8,100,rain,0,0,26.3,18.4,190,1011,88,2,0,0,0,10,"Rain, Partially cloudy",rain,DNMM
LAGOS STATE,2024-07-03T06:00:00,03/07/2024,06:00:00,24,24,24,100,2.4,100,rain,0,0,27.7,16.6,210,1012,88,3,0,0,0,10,"Rain, Partially cloudy",rain,DNMM
LAGOS STATE,2024-07-03T07:00:00,03/07/2024,07:00:00,23,23,23,100,2.7,100,rain,0,0,30.2,5.4,200,1013,88,2,1,0,0,10,"Rain, Partially cloudy",rain,DNMM
LAGOS STATE,2024-07-03T08:00:00,03/07/2024,08:00:00,24,24,23,94.15,0,0,rain,0,0,29.5,5.4,240,1014,88,4,50,0.2,1,10,Partially cloudy,partly-cloudy-day,DNMM
LAGOS STATE,2024-07-03T09:00:00,03/07/2024,09:00:00,24,24,24,100,1.8,100,rain,0,0,29.5,7.6,290,1015,50,4,218,0.8,2,10,"Rain, Partially cloudy",rain,DNMM
LAGOS STATE,2024-07-03T10:00:00,03/07/2024,10:00:00,26.9,29.2,22.6,77.34,1.7,100,rain,0,0,30.2,21.2,247.5,1014,76.2,5.6,362,1.3,4,10,"Rain, Partially cloudy",rain,remote
LAGOS STATE,2024-07-03T11:00:00,03/07/2024,11:00:00,27.2,29.6,22.5,75.53,1.9,100,rain,0,0,31,22,249.8,1013,100,5.9,454,1.6,5,10,"Rain, Overcast",rain,remote
LAGOS STATE,2024-07-03T12:00:00,03/07/2024,12:00:00,25,25,24,94.19,1.8,100,rain,0,0,32.4,13,180,1015,50,4,210,0.8,2,10,"Rain, Partially cloudy",rain,DNMM
LAGOS STATE,2024-07-03T13:00:00,03/07/2024,13:00:00,25.5,25.5,23,86.07,1.6,100,rain,0,0,32,18.4,247.8,1013,100,7,156,0.6,2,10,"Rain, Overcast",rain,remote
LAGOS STATE,2024-07-03T14:00:00,03/07/2024,14:00:00,25.3,25.3,22.9,86.58,0,0,rain,0,0,31.3,17.6,243.9,1012,100,7.1,85,0.3,1,10,Overcast,cloudy,remote
LAGOS STATE,2024-07-03T15:00:00,03/07/2024,15:00:00,25,25,25,100,1.6,100,rain,0,0,28.8,13,170,1012,50,4,61,0.2,1,10,"Rain, Partially cloudy",rain,DNMM
LAGOS STATE,2024-07-03T16:00:00,03/07/2024,16:00:00,25,25,25,100,1.5,100,rain,0,0,28.8,20.5,240,1012,50,6,33,0.1,0,10,"Rain, Partially cloudy",rain,DNMM
LAGOS STATE,2024-07-03T17:00:00,03/07/2024,17:00:00,25,25,25,100,2,100,rain,0,0,28.4,16.6,230,1012,50,7,17,0.1,0,10,"Rain, Partially cloudy",rain,DNMM
LAGOS STATE,2024-07-03T18:00:00,03/07/2024,18:00:00,26,26,25,94.23,3.2,100,rain,0,0,27.4,11.2,230,1012,88,7,8,0,0,10,"Rain, Partially cloudy",rain,DNMM
LAGOS STATE,2024-07-03T19:00:00,03/07/2024,19:00:00,25,25,25,100,3.9,100,rain,0,0,29.5,11.2,200,1013,88,8,2,0,0,10,"Rain, Partially cloudy",rain,DNMM
LAGOS STATE,2024-07-03T20:00:00,03/07/2024,20:00:00,25,25,25,100,0,0,rain,0,0,30.6,5.4,190,1013,88,8,0,0,0,10,Partially cloudy,partly-cloudy-night,DNMM
LAGOS STATE,2024-07-03T21:00:00,03/07/2024,21:00:00,25,25,25,100,5,100,rain,0,0,29.2,7.6,220,1014,88,8,0,0,0,10,"Rain, Partially cloudy",rain,DNMM
LAGOS STATE,2024-07-03T22:00:00,03/07/2024,22:00:00,24.1,24.1,23,93.58,2.6,100,rain,0,0,27.4,14,237,1014,100,14,0,0,0,10,"Rain, Overcast",rain,remote
LAGOS STATE,2024-07-03T23:00:00,03/07/2024,23:00:00,25,25,24,94.19,0.6,100,rain,0,0,28.4,0,0,1015,88,8,0,0,0,10,"Rain, Partially cloudy",rain,DNMM
LAGOS STATE,2024-07-04T00:00:00,04/07/2024,00:00:00,25,25,24,94.19,0.2,100,rain,0,0,22.7,0,0,1015,25,8,0,0,0,10,"Rain, Partially cloudy",rain,DNMM
LAGOS STATE,2024-07-04T01:00:00,04/07/2024,01:00:00,25,25,24,94.19,0.8,100,rain,0,0,20.9,3.6,285.3,1015,25,8,0,0,0,10,"Rain, Partially cloudy",rain,DNMM
LAGOS STATE,2024-07-04T02:00:00,04/07/2024,02:00:00,25,25,24,94.19,0,0,rain,0,0,19.8,5.4,300,1014,25,8,0,0,0,10,Partially cloudy,partly-cloudy-night,DNMM
LAGOS STATE,2024-07-04T03:00:00,04/07/2024,03:00:00,24,24,24,100,1.5,100,rain,0,0,21.2,7.6,310,1013,25,8,0,0,0,10,"Rain, Partially cloudy",rain,DNMM
LAGOS STATE,2024-07-04T04:00:00,04/07/2024,04:00:00,24,24,23,94.15,0.6,100,rain,0,0,21.6,3.6,261.3,1014,25,8,0,0,0,10,"Rain, Partially cloudy",rain,DNMM
LAGOS STATE,2024-07-04T05:00:00,04/07/2024,05:00:00,24,24,23,94.15,0.1,100,rain,0,0,25.2,3.6,254.1,1013,25,7,0,0,0,10,"Rain, Partially cloudy",rain,DNMM
LAGOS STATE,2024-07-04T06:00:00,04/07/2024,06:00:00,24,24,23,94.15,0,0,,0,0,24.8,3.6,250.2,1014,25,6,0,0,0,10,Partially cloudy,partly-cloudy-night,DNMM
LAGOS STATE,2024-07-04T07:00:00,04/07/2024,07:00:00,24,24,24,100,0.2,100,rain,0,0,21.6,3.6,260.7,1014,25,5,1,0,0,10,"Rain, Partially cloudy",rain,DNMM
LAGOS STATE,2024-07-04T08:00:00,04/07/2024,08:00:00,24,24,24,100,0,0,,0,0,23.8,5.4,310,1015,25,5,12,0,0,10,Partially cloudy,partly-cloudy-day,DNMM
LAGOS STATE,2024-07-04T09:00:00,04/07/2024,09:00:00,26,26,25,94.23,0,0,,0,0,23,13,320,1015,25,5,37,0.1,0,10,Partially cloudy,partly-cloudy-day,DNMM
LAGOS STATE,2024-07-04T10:00:00,04/07/2024,10:00:00,27,30.5,25,88.83,0.1,100,rain,0,0,20.5,13,230,1015,50,8,398,1.4,4,10,"Rain, Partially cloudy",rain,DNMM
LAGOS STATE,2024-07-04T11:00:00,04/07/2024,11:00:00,28,32.6,25,83.78,0.7,100,rain,0,0,19.4,22.3,230,1015,50,8,690,2.5,7,10,"Rain, Partially cloudy",rain,DNMM
LAGOS STATE,2024-07-04T12:00:00,04/07/2024,12:00:00,29,34.4,25,79.05,0.5,100,rain,0,0,20.9,13,270,1015,50,8,736,2.6,7,10,"Rain, Partially cloudy",rain,DNMM
LAGOS STATE,2024-07-04T13:00:00,04/07/2024,13:00:00,29,34.4,25,79.05,0.8,100,rain,0,0,21.6,13,200,1014,88,10,750,2.7,8,10,"Rain, Partially cloudy",rain,DNMM
LAGOS STATE,2024-07-04T14:00:00,04/07/2024,14:00:00,30,36.1,25,74.62,0,0,,0,0,22.7,14.8,180,1014,88,10,375,1.3,4,10,Partially cloudy,partly-cloudy-day,DNMM
LAGOS STATE,2024-07-04T15:00:00,04/07/2024,15:00:00,29,34.4,25,79.05,0.1,100,rain,0,0,23,11.2,160,1013,88,10,430,1.5,4,10,"Rain, Partially cloudy",rain,DNMM
LAGOS STATE,2024-07-04T16:00:00,04/07/2024,16:00:00,29,34.4,25,79.05,0.2,100,rain,0,0,24.1,13,220,1013,88,10,542,2,5,10,"Rain, Partially cloudy",rain,DNMM
LAGOS STATE,2024-07-04T17:00:00,04/07/2024,17:00:00,29,34.4,25,79.05,0,0,,0,0,25.9,7.6,210,1013,50,10,423,1.5,4,10,Partially cloudy,partly-cloudy-day,DNMM
LAGOS STATE,2024-07-04T18:00:00,04/07/2024,18:00:00,28,31.8,24,78.91,0,0,,0,0,26.3,7.6,180,1012,50,10,267,1,3,10,Partially cloudy,partly-cloudy-day,DNMM
LAGOS STATE,2024-07-04T19:00:00,04/07/2024,19:00:00,28,31.8,24,78.91,0,0,,0,0,24.8,7.6,220,1013,50,10,69,0.2,1,10,Partially cloudy,partly-cloudy-day,DNMM
LAGOS STATE,2024-07-04T20:00:00,04/07/2024,20:00:00,28,31.8,24,78.91,0,0,,0,0,24.1,9.4,210,1014,25,10,0,0,0,10,Partially cloudy,partly-cloudy-night,DNMM
LAGOS STATE,2024-07-04T21:00:00,04/07/2024,21:00:00,28,31.8,24,78.91,0,0,,0,0,22,7.6,200,1014,50,10,0,0,0,10,Partially cloudy,partly-cloudy-night,DNMM
LAGOS STATE,2024-07-04T22:00:00,04/07/2024,22:00:00,28,31.8,24,78.91,0,0,,0,0,21.6,5.4,200,1015,25,10,0,0,0,10,Partially cloudy,partly-cloudy-night,DNMM
LAGOS STATE,2024-07-04T23:00:00,04/07/2024,23:00:00,27,30,24,83.67,0,0,,0,0,20.2,3.6,241.5,1015,25,10,0,0,0,10,Partially cloudy,partly-cloudy-night,DNMM
LAGOS STATE,2024-07-05T00:00:00,05/07/2024,00:00:00,27,30,24,83.67,0,0,,0,0,20.2,3.6,243.3,1015,25,10,0,0,0,10,Partially cloudy,partly-cloudy-night,DNMM
LAGOS STATE,2024-07-05T01:00:00,05/07/2024,01:00:00,25.7,25.7,22.6,83.02,0,0,,0,0,18.4,9.7,250.7,1014,100,24.1,0,0,0,10,Overcast,cloudy,remote
LAGOS STATE,2024-07-05T02:00:00,05/07/2024,02:00:00,25.5,25.5,22.6,84.01,0,0,,0,0,18.7,9.7,258.4,1014,97.9,24.1,0,0,0,10,Overcast,cloudy,remote
LAGOS STATE,2024-07-05T03:00:00,05/07/2024,03:00:00,25.2,25.2,22.7,86.05,0.1,100,rain,0,0,16.2,8.3,278.4,1013,58.6,24.1,0,0,0,10,"Rain, Partially cloudy",rain,remote
LAGOS STATE,2024-07-05T04:00:00,05/07/2024,04:00:00,27,30,24,83.67,0,0,rain,0,0,16.6,3.6,283.1,1014,25,8,0,0,0,10,Partially cloudy,partly-cloudy-night,DNMM
LAGOS STATE,2024-07-05T05:00:00,05/07/2024,05:00:00,26,26,24,88.75,0.1,100,rain,0,0,15.5,3.6,284.8,1014,25,8,0,0,0,10,"Rain, Partially cloudy",rain,DNMM
LAGOS STATE,2024-07-05T06:00:00,05/07/2024,06:00:00,25,25,24,94.19,0,0,,0,0,15.8,5.4,310,1014,25,8,0,0,0,10,Partially cloudy,partly-cloudy-night,DNMM
LAGOS STATE,2024-07-05T07:00:00,05/07/2024,07:00:00,24,24,23,94.15,0.1,100,rain,0,0,14.8,5.4,210,1014,50,4,4,0,0,10,"Rain, Partially cloudy",rain,DNMM
LAGOS STATE,2024-07-05T08:00:00,05/07/2024,08:00:00,25,25,24,94.19,0,0,,0,0,13.7,3.6,294.4,1015,25,4,88,0.3,1,10,Partially cloudy,partly-cloudy-day,DNMM
LAGOS STATE,2024-07-05T09:00:00,05/07/2024,09:00:00,26,26,25,94.23,0,0,,0,0,18.4,9.4,290,1016,50,4,323,1.2,3,10,Partially cloudy,partly-cloudy-day,DNMM
LAGOS STATE,2024-07-05T10:00:00,05/07/2024,10:00:00,27,30.5,25,88.83,0,0,,0,0,15.8,9.4,270,1016,50,6,558,2,6,10,Partially cloudy,partly-cloudy-day,DNMM
LAGOS STATE,2024-07-05T11:00:00,05/07/2024,11:00:00,28,32.6,25,83.78,0.1,100,rain,0,0,15.8,7.6,260,1016,50,8,729,2.6,7,10,"Rain, Partially cloudy",rain,DNMM
LAGOS STATE,2024-07-05T12:00:00,05/07/2024,12:00:00,29,34.4,25,79.05,0.2,100,rain,0,0,15.5,11.2,270,1015,50,8,829,3,8,10,"Rain, Partially cloudy",rain,DNMM
LAGOS STATE,2024-07-05T13:00:00,05/07/2024,13:00:00,30.4,33.5,21.7,59.75,0.3,48.4,rain,0,0,15.5,15.8,227.5,1013,81.3,16.7,584,2.1,6,10,"Rain, Partially cloudy",rain,
LAGOS STATE,2024-07-05T14:00:00,05/07/2024,14:00:00,30.3,33.6,22,61.2,0.2,87.1,rain,0,0,16.9,18.4,231.7,1012,99,24.1,619,2.2,6,10,"Rain, Overcast",rain,
LAGOS STATE,2024-07-05T15:00:00,05/07/2024,15:00:00,30.8,34,21.8,58.76,0.1,87.1,rain,0,0,16.9,18.4,229.4,1012,72.6,24.1,740,2.7,7,10,"Rain, Partially cloudy",rain,
LAGOS STATE,2024-07-05T16:00:00,05/07/2024,16:00:00,30.2,33.3,21.8,60.81,0.1,87.1,rain,0,0,16.9,18.4,229.2,1011,74.4,24.1,507,1.8,5,10,"Rain, Partially cloudy",rain,
LAGOS STATE,2024-07-05T17:00:00,05/07/2024,17:00:00,29.5,32.4,21.8,63.31,0,87.1,rain,0,0,17.6,19.4,225.2,1011,99.3,24.1,403,1.5,4,10,"Rain, Overcast",rain,
LAGOS STATE,2024-07-05T18:00:00,05/07/2024,18:00:00,28.4,31,21.8,67.47,0,87.1,rain,0,0,19.8,18,222.4,1011,100,24.1,175,0.6,2,10,"Rain, Overcast",rain,
LAGOS STATE,2024-07-05T19:00:00,05/07/2024,19:00:00,27.6,29.9,21.9,71.13,0,87.1,rain,0,0,21.6,16.6,224.1,1012,100,24.1,34,0.1,0,10,"Rain, Overcast",rain,
LAGOS STATE,2024-07-05T20:00:00,05/07/2024,20:00:00,27.4,29.8,22.2,73.3,0,32.3,,0,0,22,16.2,223.9,1012,100,24.1,0,0,0,10,Overcast,cloudy,
LAGOS STATE,2024-07-05T21:00:00,05/07/2024,21:00:00,27.3,29.7,22.4,74.63,0,32.3,,0,0,22.7,16.6,223.8,1013,100,24.1,0,0,0,10,Overcast,cloudy,
LAGOS STATE,2024-07-05T22:00:00,05/07/2024,22:00:00,26.4,26.4,22.9,81.11,1,32.3,rain,0,0,23,14.8,215.1,1014,100,10.3,0,0,0,10,Overcast,cloudy,
LAGOS STATE,2024-07-05T23:00:00,05/07/2024,23:00:00,26.1,26.1,23.2,84.08,1,32.3,rain,0,0,25.9,15.8,212.6,1014,100,9.5,0,0,0,10,Overcast,cloudy,
LAGOS STATE,2024-07-06T00:00:00,06/07/2024,00:00:00,26.1,26.1,23.3,84.59,0.6,32.3,rain,0,0,25.2,15.1,213.8,1014,95.9,19.8,0,0,0,10,Overcast,cloudy,
LAGOS STATE,2024-07-06T01:00:00,06/07/2024,01:00:00,25.8,25.8,23.2,85.59,0.5,32.3,rain,0,0,26.6,15.5,221.7,1013,91,7.2,0,0,0,10,Overcast,cloudy,
LAGOS STATE,2024-07-06T02:00:00,06/07/2024,02:00:00,25.6,25.6,23.1,86.08,0.9,54.8,rain,0,0,24.8,14,227.1,1013,100,19.4,0,0,0,10,"Rain, Overcast",rain,
LAGOS STATE,2024-07-06T03:00:00,06/07/2024,03:00:00,25.3,25.3,23,87.1,1.2,54.8,rain,0,0,26.6,15.1,227.8,1013,100,5.8,0,0,0,10,"Rain, Overcast",rain,
LAGOS STATE,2024-07-06T04:00:00,06/07/2024,04:00:00,25.3,25.3,23,87.1,1.2,54.8,rain,0,0,26.6,14.8,235.2,1012,100,24.1,0,0,0,10,"Rain, Overcast",rain,
LAGOS STATE,2024-07-06T05:00:00,06/07/2024,05:00:00,25.4,25.4,23,86.59,0.5,54.8,rain,0,0,26.6,14.8,237.1,1013,100,23.9,0,0,0,10,"Rain, Overcast",rain,
LAGOS STATE,2024-07-06T06:00:00,06/07/2024,06:00:00,25.4,25.4,23,86.59,0.2,54.8,rain,0,0,25.9,14,234.1,1013,100,24.1,0,0,0,10,"Rain, Overcast",rain,
LAGOS STATE,2024-07-06T07:00:00,06/07/2024,07:00:00,25.3,25.3,23,87.1,0.3,54.8,rain,0,0,24.8,14,230.7,1013,100,24.1,2,0,0,10,"Rain, Overcast",rain,
LAGOS STATE,2024-07-06T08:00:00,06/07/2024,08:00:00,25.6,25.6,23,85.57,0.1,77.4,rain,0,0,24.5,14.4,229.8,1014,100,24.1,39,0.1,0,10,"Rain, Overcast",rain,
LAGOS STATE,2024-07-06T09:00:00,06/07/2024,09:00:00,25.7,25.7,23,85.06,0.1,77.4,rain,0,0,23,14,234,1014,100,24.1,59,0.2,1,10,"Rain, Overcast",rain,
LAGOS STATE,2024-07-06T10:00:00,06/07/2024,10:00:00,25.6,25.6,22.7,84.02,0,77.4,rain,0,0,22,13.7,237.4,1014,100,24.1,54,0.2,1,10,"Rain, Overcast",rain,
LAGOS STATE,2024-07-06T11:00:00,06/07/2024,11:00:00,26.6,26.6,22.3,77.29,0,77.4,rain,0,0,20.9,14.4,240.2,1014,100,24.1,279,1,3,10,"Rain, Overcast",rain,
LAGOS STATE,2024-07-06T12:00:00,06/07/2024,12:00:00,28.1,30.8,22.1,69.93,0,77.4,rain,0,0,18.7,15.8,240.3,1014,100,24.1,614,2.2,6,10,"Rain, Overcast",rain,
LAGOS STATE,2024-07-06T13:00:00,06/07/2024,13:00:00,28.7,31.5,22,67.12,0,77.4,rain,0,0,20.2,18.4,233.1,1013,100,24.1,651,2.3,7,10,"Rain, Overcast",rain,
LAGOS STATE,2024-07-06T14:00:00,06/07/2024,14:00:00,29.2,32,21.7,64.02,0.1,67.7,rain,0,0,21.6,20.5,229.7,1013,100,24.1,717,2.6,7,10,"Rain, Overcast",rain,
LAGOS STATE,2024-07-06T15:00:00,06/07/2024,15:00:00,29,31.6,21.5,63.98,0.3,67.7,rain,0,0,23,20.9,230.8,1012,100,24.1,573,2.1,6,10,"Rain, Overcast",rain,
LAGOS STATE,2024-07-06T16:00:00,06/07/2024,16:00:00,28.3,30.6,21.4,66.23,0,67.7,rain,0,0,23.4,20.9,232.1,1012,100,24.1,350,1.3,4,10,"Rain, Overcast",rain,
LAGOS STATE,2024-07-06T17:00:00,06/07/2024,17:00:00,27.4,29.5,21.6,70.66,0,67.7,rain,0,0,24.1,20.2,232,1012,100,24.1,170,0.6,2,10,"Rain, Overcast",rain,
LAGOS STATE,2024-07-06T18:00:00,06/07/2024,18:00:00,27,29,21.7,72.78,0,67.7,rain,0,0,23.8,18.7,230,1012,100,24.1,80,0.3,1,10,"Rain, Overcast",rain,
LAGOS STATE,2024-07-06T19:00:00,06/07/2024,19:00:00,26.7,26.7,21.8,74.53,0,67.7,rain,0,0,23.4,18,230.6,1013,100,24.1,42,0.2,0,10,"Rain, Overcast",rain,
LAGOS STATE,2024-07-06T20:00:00,06/07/2024,20:00:00,26.4,26.4,22.1,77.26,0.1,61.3,rain,0,0,23,16.6,232.7,1013,100,24.1,0,0,0,10,"Rain, Overcast",rain,
LAGOS STATE,2024-07-06T21:00:00,06/07/2024,21:00:00,26.3,26.3,22.1,77.72,0,61.3,rain,0,0,23,15.5,238.3,1014,100,24.1,0,0,0,10,"Rain, Overcast",rain,
LAGOS STATE,2024-07-06T22:00:00,06/07/2024,22:00:00,26.3,26.3,22.1,77.72,0,61.3,rain,0,0,22.7,15.1,249.3,1014,100,24.1,0,0,0,10,"Rain, Overcast",rain,
LAGOS STATE,2024-07-06T23:00:00,06/07/2024,23:00:00,26,26,22,78.63,0,61.3,rain,0,0,22.7,15.1,263.5,1014,100,24.1,0,0,0,10,"Rain, Overcast",rain,
LAGOS STATE,2024-07-07T00:00:00,07/07/2024,00:00:00,25.7,25.7,21.9,79.56,0,61.3,rain,0,0,24.8,15.5,263.9,1013,100,24.1,0,0,0,10,"Rain, Overcast",rain,
LAGOS STATE,2024-07-07T01:00:00,07/07/2024,01:00:00,25.6,25.6,21.8,79.54,0,61.3,rain,0,0,25.6,14.8,259,1013,99.6,24.1,0,0,0,10,"Rain, Overcast",rain,
LAGOS STATE,2024-07-07T02:00:00,07/07/2024,02:00:00,25.5,25.5,21.8,80.02,0,54.8,rain,0,0,23,12.6,256.5,1013,97.6,24.1,0,0,0,10,"Rain, Overcast",rain,
LAGOS STATE,2024-07-07T03:00:00,07/07/2024,03:00:00,25.3,25.3,21.8,80.97,0,54.8,rain,0,0,19.1,10.4,264.5,1012,100,24.1,0,0,0,10,"Rain, Overcast",rain,
LAGOS STATE,2024-07-07T04:00:00,07/07/2024,04:00:00,25.3,25.3,21.8,80.97,0,54.8,rain,0,0,19.4,10.8,271.6,1012,99.9,24.1,0,0,0,10,"Rain, Overcast",rain,
LAGOS STATE,2024-07-07T05:00:00,07/07/2024,05:00:00,25.2,25.2,21.7,80.96,0,54.8,rain,0,0,18.7,10.1,267.9,1012,100,24.1,0,0,0,10,"Rain, Overcast",rain,
LAGOS STATE,2024-07-07T06:00:00,07/07/2024,06:00:00,24.9,24.9,21.7,82.42,0,54.8,rain,0,0,19.1,9.7,271.5,1013,100,24.1,0,0,0,10,"Rain, Overcast",rain,
LAGOS STATE,2024-07-07T07:00:00,07/07/2024,07:00:00,24.9,24.9,21.7,82.42,0,54.8,rain,0,0,14,7.6,284.3,1013,100,24.1,3,0,0,10,"Rain, Overcast",rain,
LAGOS STATE,2024-07-07T08:00:00,07/07/2024,08:00:00,25.4,25.4,21.8,80.49,0,80.6,rain,0,0,11.5,6.8,281,1014,100,24.1,47,0.2,0,10,"Rain, Overcast",rain,
LAGOS STATE,2024-07-07T09:00:00,07/07/2024,09:00:00,26.1,26.1,22.1,78.65,0.2,80.6,rain,0,0,11.2,6.8,285.7,1014,80.6,24.1,134,0.5,1,10,"Rain, Partially cloudy",rain,
LAGOS STATE,2024-07-07T10:00:00,07/07/2024,10:00:00,27.6,30.1,22.2,72.44,0.8,80.6,rain,0,0,13,9,261.9,1014,100,13.2,452,1.6,5,10,"Rain, Overcast",rain,
LAGOS STATE,2024-07-07T11:00:00,07/07/2024,11:00:00,28.4,31.3,22.3,69.56,1.3,80.6,rain,0,0,15.1,12.6,239.3,1014,100,11.1,663,2.4,7,10,"Rain, Overcast",rain,
LAGOS STATE,2024-07-07T12:00:00,07/07/2024,12:00:00,28.9,31.9,22.2,67.16,1.2,80.6,rain,0,0,16.2,14,232.3,1014,80.3,12.4,723,2.6,7,10,"Rain, Partially cloudy",rain,
LAGOS STATE,2024-07-07T13:00:00,07/07/2024,13:00:00,29.3,32.4,22.1,65.23,0.9,80.6,rain,0,0,18.4,17.3,231.8,1013,56.6,12.7,845,3,8,10,"Rain, Partially cloudy",rain,
LAGOS STATE,2024-07-07T14:00:00,07/07/2024,14:00:00,29.4,32.3,21.8,63.68,0.7,58.1,rain,0,0,22,20.9,229.3,1012,38.4,13.9,830,3,8,10,"Rain, Partially cloudy",rain,
LAGOS STATE,2024-07-07T15:00:00,07/07/2024,15:00:00,29.5,31.9,21.1,60.65,0.3,58.1,rain,0,0,23.8,22.3,227.1,1012,71.2,24.1,783,2.8,8,10,"Rain, Partially cloudy",rain,
LAGOS STATE,2024-07-07T16:00:00,07/07/2024,16:00:00,29.2,31.5,21,61.33,0,58.1,rain,0,0,25.6,23,231.7,1011,100,24.1,633,2.3,6,10,"Rain, Overcast",rain,
LAGOS STATE,2024-07-07T17:00:00,07/07/2024,17:00:00,28.5,30.8,21.2,64.66,0,58.1,rain,0,0,27,22,233.6,1012,100,24.1,431,1.6,4,10,"Rain, Overcast",rain,
LAGOS STATE,2024-07-07T18:00:00,07/07/2024,18:00:00,27.7,29.9,21.6,69.43,0,58.1,rain,0,0,28.8,20.5,231.4,1012,100,24.1,218,0.8,2,10,"Rain, Overcast",rain,
LAGOS STATE,2024-07-07T19:00:00,07/07/2024,19:00:00,27,29,21.8,73.23,0,58.1,rain,0,0,29.5,20.2,232,1012,100,24.1,53,0.2,1,10,"Rain, Overcast",rain,
LAGOS STATE,2024-07-07T20:00:00,07/07/2024,20:00:00,26.8,28.8,22,75.01,0,58.1,rain,0,0,29.2,18.7,235.7,1013,100,24.1,0,0,0,10,"Rain, Overcast",rain,
LAGOS STATE,2024-07-07T21:00:00,07/07/2024,21:00:00,26.6,26.6,22.2,76.83,0,58.1,rain,0,0,28.8,18.4,236.3,1014,100,24.1,0,0,0,10,"Rain, Overcast",rain,
LAGOS STATE,2024-07-07T22:00:00,07/07/2024,22:00:00,26.2,26.2,22.4,79.62,0.4,58.1,rain,0,0,27.7,17.6,237.2,1014,88.4,23.9,0,0,0,10,"Rain, Partially cloudy",rain,
LAGOS STATE,2024-07-07T23:00:00,07/07/2024,23:00:00,26,26,22.3,80.08,0.1,58.1,rain,0,0,27.7,17.3,241.9,1014,71.3,24.1,0,0,0,10,"Rain, Partially cloudy",rain,
LAGOS STATE,2024-07-08T00:00:00,08/07/2024,00:00:00,25.9,25.9,22.2,80.07,0,58.1,rain,0,0,27,16.6,246.3,1014,69.8,24.1,0,0,0,10,"Rain, Partially cloudy",rain,
LAGOS STATE,2024-07-08T01:00:00,08/07/2024,01:00:00,25.8,25.8,22,79.57,0,58.1,rain,0,0,29.9,17.6,247.8,1013,75.9,24.1,0,0,0,10,"Rain, Partially cloudy",rain,
LAGOS STATE,2024-07-08T02:00:00,08/07/2024,02:00:00,25.6,25.6,22.1,81.01,0,96.8,rain,0,0,30.2,17.6,254.8,1012,100,24.1,0,0,0,10,"Rain, Overcast",rain,
LAGOS STATE,2024-07-08T03:00:00,08/07/2024,03:00:00,25.5,25.5,22.2,81.99,0,96.8,rain,0,0,29.2,16.2,257.1,1012,100,24.1,0,0,0,10,"Rain, Overcast",rain,
LAGOS STATE,2024-07-08T04:00:00,08/07/2024,04:00:00,25.3,25.3,22.3,83.48,0.3,96.8,rain,0,0,28.4,15.5,261.2,1012,100,24.1,0,0,0,10,"Rain, Overcast",rain,
LAGOS STATE,2024-07-08T05:00:00,08/07/2024,05:00:00,25.3,25.3,22.2,82.97,0.1,96.8,rain,0,0,28.8,14.8,262.3,1012,100,24.1,0,0,0,10,"Rain, Overcast",rain,
LAGOS STATE,2024-07-08T06:00:00,08/07/2024,06:00:00,25.2,25.2,22.2,83.47,0,96.8,rain,0,0,27.7,13.3,273.2,1013,100,24.1,0,0,0,10,"Rain, Overcast",rain,
LAGOS STATE,2024-07-08T07:00:00,08/07/2024,07:00:00,24.9,24.9,22.1,84.46,0.2,96.8,rain,0,0,27,12.2,288.4,1013,99.1,23.9,2,0,0,10,"Rain, Overcast",rain,
LAGOS STATE,2024-07-08T08:00:00,08/07/2024,08:00:00,25.3,25.3,21.9,81.47,0.2,87.1,rain,0,0,27.7,13.7,280.8,1014,77.4,24.1,56,0.2,1,10,"Rain, Partially cloudy",rain,
LAGOS STATE,2024-07-08T09:00:00,08/07/2024,09:00:00,26.8,28.7,21.6,73.2,0,87.1,rain,0,0,23.4,14.8,274.2,1014,89.5,24.1,260,0.9,3,10,"Rain, Partially cloudy",rain,
LAGOS STATE,2024-07-08T10:00:00,08/07/2024,10:00:00,28.4,30.6,21.2,65.04,0,87.1,rain,0,0,20.5,14.8,267.3,1014,99.9,24,474,1.7,5,10,"Rain, Overcast",rain,
LAGOS STATE,2024-07-08T11:00:00,08/07/2024,11:00:00,29.6,32,21,59.93,0.1,87.1,rain,0,0,19.4,16.2,258.4,1014,94.6,24.1,650,2.3,7,10,"Rain, Overcast",rain,
LAGOS STATE,2024-07-08T12:00:00,08/07/2024,12:00:00,29.4,32.1,21.5,62.52,0.6,87.1,rain,0,0,18.4,16.6,251.4,1013,89.6,6.4,618,2.2,6,10,"Rain, Partially cloudy",rain,
LAGOS STATE,2024-07-08T13:00:00,08/07/2024,13:00:00,29.2,32.1,21.9,64.81,0.5,87.1,rain,0,0,18.7,17.3,245.9,1013,97.8,24.1,555,2,6,10,"Rain, Overcast",rain,
LAGOS STATE,2024-07-08T14:00:00,08/07/2024,14:00:00,29.9,33.1,22,62.63,0.2,61.3,rain,0,0,19.1,18.4,239.4,1011,96,10.4,766,2.8,8,30,"Rain, Overcast",rain,
LAGOS STATE,2024-07-08T15:00:00,08/07/2024,15:00:00,29.2,32.5,22.5,67.22,1.2,61.3,rain,0,0,19.4,20.2,232,1011,71,5.4,700,2.5,7,30,"Rain, Partially cloudy",rain,
LAGOS STATE,2024-07-08T16:00:00,08/07/2024,16:00:00,28.7,31.8,22.5,69.2,0.9,61.3,rain,0,0,20.2,19.8,234.6,1010,100,24.1,533,1.9,5,30,"Rain, Overcast",rain,
LAGOS STATE,2024-07-08T17:00:00,08/07/2024,17:00:00,28.2,31.1,22.4,70.81,0.7,61.3,rain,0,0,20.2,19.8,230.2,1010,98.6,24.1,335,1.2,3,30,"Rain, Overcast",rain,
LAGOS STATE,2024-07-08T18:00:00,08/07/2024,18:00:00,27.4,29.9,22.4,74.2,0.6,61.3,rain,0,0,22.3,19.8,226.5,1011,100,24.1,156,0.6,2,10,"Rain, Overcast",rain,
LAGOS STATE,2024-07-08T19:00:00,08/07/2024,19:00:00,26.5,26.5,22.3,77.75,1.2,61.3,rain,0,0,23.8,17.3,233.8,1011,99.4,18.7,35,0.1,0,10,"Rain, Overcast",rain,
LAGOS STATE,2024-07-08T20:00:00,08/07/2024,20:00:00,26.3,26.3,22.4,79.16,1.3,48.4,rain,0,0,28.1,16.9,238.3,1011,94.4,23.8,0,0,0,10,"Rain, Overcast",rain,
LAGOS STATE,2024-07-08T21:00:00,08/07/2024,21:00:00,26.2,26.2,22.4,79.62,0.5,48.4,rain,0,0,31.3,18,245.8,1012,80.9,23.9,0,0,0,10,"Rain, Partially cloudy",rain,
LAGOS STATE,2024-07-08T22:00:00,08/07/2024,22:00:00,25.7,25.7,22.7,83.53,0.9,48.4,rain,0,0,33.1,19.1,240.5,1012,100,9.9,0,0,0,10,"Rain, Overcast",rain,
LAGOS STATE,2024-07-08T23:00:00,08/07/2024,23:00:00,25.6,25.6,22.8,84.53,0.8,48.4,rain,0,0,31,18.7,240.2,1013,100,18.7,0,0,0,10,"Rain, Overcast",rain,
LAGOS STATE,2024-07-09T00:00:00,09/07/2024,00:00:00,25.6,25.6,22.8,84.53,0.3,48.4,rain,0,0,32.4,20.9,238,1013,96.9,24.1,0,0,0,10,"Rain, Overcast",rain,
LAGOS STATE,2024-07-09T01:00:00,09/07/2024,01:00:00,25.4,25.4,22.7,85.03,1.1,48.4,rain,0,0,32.8,21.6,236.3,1012,99.9,24.1,0,0,0,10,"Rain, Overcast",rain,
LAGOS STATE,2024-07-09T02:00:00,09/07/2024,02:00:00,25.2,25.2,22.5,85.01,0.9,80.6,rain,0,0,32,19.4,242,1011,100,24.1,0,0,0,10,"Rain, Overcast",rain,
LAGOS STATE,2024-07-09T03:00:00,09/07/2024,03:00:00,24.9,24.9,22.3,85.5,0.4,80.6,rain,0,0,32.4,18.7,248.8,1011,97.7,19.9,0,0,0,10,"Rain, Overcast",rain,
LAGOS STATE,2024-07-09T04:00:00,09/07/2024,04:00:00,24.9,24.9,22.2,84.98,0.3,80.6,rain,0,0,32.4,17.6,251.6,1011,100,23.9,0,0,0,10,"Rain, Overcast",rain,
LAGOS STATE,2024-07-09T05:00:00,09/07/2024,05:00:00,24.8,24.8,22.1,84.97,0.2,80.6,rain,0,0,31.7,16.9,259.6,1011,99.9,10.2,0,0,0,10,"Rain, Overcast",rain,
LAGOS STATE,2024-07-09T06:00:00,09/07/2024,06:00:00,24.6,24.6,22.1,85.99,0.8,80.6,rain,0,0,29.5,14.4,266.4,1012,80,6.3,0,0,0,10,"Rain, Partially cloudy",rain,
LAGOS STATE,2024-07-09T07:00:00,09/07/2024,07:00:00,24.6,24.6,22.3,87.04,1,80.6,rain,0,0,26.6,12.6,267.4,1012,98.7,7.2,3,0,0,10,"Rain, Overcast",rain,
LAGOS STATE,2024-07-09T08:00:00,09/07/2024,08:00:00,25.1,25.1,22.4,85,1,71,rain,0,0,27,14,272.3,1013,100,19.8,70,0.3,1,10,"Rain, Overcast",rain,
LAGOS STATE,2024-07-09T09:00:00,09/07/2024,09:00:00,25.6,25.6,22.3,82.01,0.8,71,rain,0,0,26.3,15.1,266,1014,100,24.1,173,0.6,2,10,"Rain, Overcast",rain,
LAGOS STATE,2024-07-09T10:00:00,09/07/2024,10:00:00,26.7,26.7,22.3,76.84,0.4,71,rain,0,0,25.9,16.6,259.3,1014,98.8,24.1,375,1.3,4,10,"Rain, Overcast",rain,
LAGOS STATE,2024-07-09T11:00:00,09/07/2024,11:00:00,27.6,30.1,22.2,72.44,0.5,71,rain,0,0,24.1,18.7,250.5,1014,100,24.1,566,2,6,10,"Rain, Overcast",rain,
LAGOS STATE,2024-07-09T12:00:00,09/07/2024,12:00:00,27.9,30.6,22.3,71.62,1.1,71,rain,0,0,25.6,21.2,246.6,1013,98.2,6.6,677,2.4,7,10,"Rain, Overcast",rain,
LAGOS STATE,2024-07-09T13:00:00,09/07/2024,13:00:00,27.8,30.5,22.4,72.48,1.3,71,rain,0,0,27.7,23.4,242.4,1012,100,7.5,719,2.6,7,10,"Rain, Overcast",rain,
LAGOS STATE,2024-07-09T14:00:00,09/07/2024,14:00:00,27.8,30.5,22.4,72.48,1.2,74.2,rain,0,0,29.9,25.2,238.3,1012,100,7.8,714,2.6,7,10,"Rain, Overcast",rain,
LAGOS STATE,2024-07-09T15:00:00,09/07/2024,15:00:00,27.4,29.8,22.1,72.85,0.6,74.2,rain,0,0,30.6,24.8,239,1011,100,24.1,463,1.7,5,10,"Rain, Overcast",rain,
LAGOS STATE,2024-07-09T16:00:00,09/07/2024,16:00:00,26.9,29,22,74.57,0.4,74.2,rain,0,0,31,23.8,234.8,1011,100,16.1,282,1,3,10,"Rain, Overcast",rain,
LAGOS STATE,2024-07-09T17:00:00,09/07/2024,17:00:00,26.6,26.6,22,75.89,0.4,74.2,rain,0,0,30.2,22,233.3,1011,100,24.1,154,0.6,2,10,"Rain, Overcast",rain,
LAGOS STATE,2024-07-09T18:00:00,09/07/2024,18:00:00,26.3,26.3,21.9,76.78,0,74.2,rain,0,0,29.9,20.2,236.2,1011,100,24.1,80,0.3,1,10,"Rain, Overcast",rain,
LAGOS STATE,2024-07-09T19:00:00,09/07/2024,19:00:00,26.1,26.1,21.9,77.69,0.1,74.2,rain,0,0,29.5,19.4,235.1,1012,100,24.1,24,0.1,0,10,"Rain, Overcast",rain,
LAGOS STATE,2024-07-09T20:00:00,09/07/2024,20:00:00,25.9,25.9,22,79.1,0,41.9,rain,0,0,29.2,18.7,233.7,1012,99.8,21.9,0,0,0,10,Overcast,cloudy,
LAGOS STATE,2024-07-09T21:00:00,09/07/2024,21:00:00,25.9,25.9,22,79.1,0,41.9,,0,0,28.8,18.4,236.3,1013,86.6,24.1,0,0,0,10,Partially cloudy,partly-cloudy-night,
LAGOS STATE,2024-07-09T22:00:00,09/07/2024,22:00:00,25.7,25.7,22.1,80.53,0,41.9,rain,0,0,30.2,18.7,235.2,1013,60.7,24.1,0,0,0,10,Partially cloudy,partly-cloudy-night,
LAGOS STATE,2024-07-09T23:00:00,09/07/2024,23:00:00,25.7,25.7,22.1,80.53,0,41.9,rain,0,0,31.3,19.8,233.9,1013,41.5,24.1,0,0,0,10,Partially cloudy,partly-cloudy-night,
LAGOS STATE,2024-07-10T00:00:00,10/07/2024,00:00:00,25.5,25.5,22,81,0.2,41.9,rain,0,0,33.1,20.9,233.6,1013,93,24.1,0,0,0,10,Overcast,cloudy,
LAGOS STATE,2024-07-10T01:00:00,10/07/2024,01:00:00,25.4,25.4,21.9,80.99,0.2,41.9,rain,0,0,31.7,19.4,240,1012,100,24,0,0,0,10,Overcast,cloudy,
LAGOS STATE,2024-07-10T02:00:00,10/07/2024,02:00:00,25.2,25.2,21.9,81.96,0,67.7,rain,0,0,31.3,18.7,242.7,1012,100,24,0,0,0,10,"Rain, Overcast",rain,
LAGOS STATE,2024-07-10T03:00:00,10/07/2024,03:00:00,24.9,24.9,21.9,82.94,0,67.7,rain,0,0,31,18,245.5,1012,100,23.9,0,0,0,10,"Rain, Overcast",rain,
LAGOS STATE,2024-07-10T04:00:00,10/07/2024,04:00:00,24.8,24.8,21.9,83.94,1.1,67.7,rain,0,0,30.6,17.3,248.2,1012,100,23.9,0,0,0,10,"Rain, Overcast",rain,
LAGOS STATE,2024-07-10T05:00:00,10/07/2024,05:00:00,24.6,24.6,22,85.29,0,67.7,rain,0,0,29.4,15.8,254,1012.3,98.4,18.4,0.3,0,0,10,"Rain, Overcast",rain,
LAGOS STATE,2024-07-10T06:00:00,10/07/2024,06:00:00,24.4,24.4,22.1,86.68,0,67.7,rain,0,0,28.2,14.4,259.9,1012.7,96.9,12.9,0.7,0,0,10,"Rain, Overcast",rain,
LAGOS STATE,2024-07-10T07:00:00,10/07/2024,07:00:00,24.3,24.3,22.2,88.08,1.9,67.7,rain,0,0,27,13,265.7,1013,95.3,7.4,1,0,0,10,"Rain, Overcast",rain,
LAGOS STATE,2024-07-10T08:00:00,10/07/2024,08:00:00,24.9,24.9,22.2,85.32,0,71,rain,0,0,26.9,14.6,260.5,1013.7,96.6,6.8,53.7,0.3,1,10,"Rain, Overcast",rain,
LAGOS STATE,2024-07-10T09:00:00,10/07/2024,09:00:00,25.4,25.4,22.3,82.66,0,71,rain,0,0,26.8,16.3,255.2,1014.3,97.9,6.1,106.3,0.5,1,10,"Rain, Overcast",rain,
LAGOS STATE,2024-07-10T10:00:00,10/07/2024,10:00:00,26.1,26.1,22.4,80.1,4.5,71,rain,0,0,26.6,18,250,1015,99.2,5.5,159,0.6,2,10,"Rain, Overcast",rain,
LAGOS STATE,2024-07-10T11:00:00,10/07/2024,11:00:00,26.3,26.3,22.4,79,0,71,rain,0,0,27.7,19.2,246.1,1014.7,93.2,6.8,222.7,0.8,2,10,"Rain, Overcast",rain,
LAGOS STATE,2024-07-10T12:00:00,10/07/2024,12:00:00,26.5,26.5,22.4,77.92,0,71,rain,0,0,28.8,20.4,242.1,1014.3,87.3,8.2,286.3,1.1,3,10,"Rain, Partially cloudy",rain,
LAGOS STATE,2024-07-10T13:00:00,10/07/2024,13:00:00,26.8,28.9,22.4,76.86,4.4,71,rain,0,0,29.9,21.6,238.2,1014,81.3,9.5,350,1.3,4,10,"Rain, Partially cloudy",rain,
LAGOS STATE,2024-07-10T14:00:00,10/07/2024,14:00:00,26.8,29,22.3,76.55,0,45.2,rain,0,0,30.4,22.1,236.1,1013.3,69.6,10.2,438.7,1.6,4,10,"Rain, Partially cloudy",rain,
LAGOS STATE,2024-07-10T15:00:00,10/07/2024,15:00:00,26.8,29,22.3,76.25,0,45.2,rain,0,0,30.8,22.6,233.9,1012.7,58,11,527.3,1.9,5,10,"Rain, Partially cloudy",rain,
LAGOS STATE,2024-07-10T16:00:00,10/07/2024,16:00:00,26.9,29.1,22.3,75.94,2.2,45.2,rain,0,0,31.3,23,231.8,1012,46.3,11.7,616,2.2,6,10,"Rain, Partially cloudy",rain,
LAGOS STATE,2024-07-10T17:00:00,10/07/2024,17:00:00,26.4,26.4,22.2,77.59,0,45.2,rain,0,0,31,21.6,233.4,1012.3,64.2,15.8,492.7,1.8,5,10,"Rain, Partially cloudy",rain,
LAGOS STATE,2024-07-10T18:00:00,10/07/2024,18:00:00,26,26,22.1,79.28,0,45.2,rain,0,0,30.6,20.2,235.1,1012.7,82.1,20,369.3,1.3,4,10,"Rain, Partially cloudy",rain,
LAGOS STATE,2024-07-10T19:00:00,10/07/2024,19:00:00,25.6,25.6,22.1,81.01,0.9,45.2,rain,0,0,30.2,18.7,236.7,1013,100,24.1,246,0.9,2,10,"Rain, Overcast",rain,
LAGOS STATE,2024-07-10T20:00:00,10/07/2024,20:00:00,25.6,25.6,22.1,81.34,0,35.5,,0,0,30,18.2,237.6,1013.3,100,24.1,164,0.6,0,10,Overcast,cloudy,
LAGOS STATE,2024-07-10T21:00:00,10/07/2024,21:00:00,25.6,25.6,22.2,81.67,0,35.5,,0,0,29.8,17.8,238.5,1013.7,100,24.1,82,0.3,0,10,Overcast,cloudy,
LAGOS STATE,2024-07-10T22:00:00,10/07/2024,22:00:00,25.6,25.6,22.3,82.01,0.1,35.5,rain,0,0,29.5,17.3,239.4,1014,100,24.1,0,0,0,10,Overcast,cloudy,
LAGOS STATE,2024-07-10T23:00:00,10/07/2024,23:00:00,25.4,25.4,22.2,82.49,0,35.5,,0,0,29.3,17.2,239,1014,100,24.1,0,0,0,10,Overcast,cloudy,
LAGOS STATE,2024-07-11T00:00:00,11/07/2024,00:00:00,25.2,25.2,22.1,82.97,0,35.5,,0,0,29,17,238.6,1014,100,24.1,0,0,0,10,Overcast,cloudy,
LAGOS STATE,2024-07-11T01:00:00,11/07/2024,01:00:00,25.1,25.1,22.1,83.46,0.4,35.5,rain,0,0,28.8,16.9,238.2,1014,100,24.1,0,0,0,10,Overcast,cloudy,
LAGOS STATE,2024-07-11T02:00:00,11/07/2024,02:00:00,25,25,22.1,83.79,0,51.6,rain,0,0,28.8,16.4,240.9,1013.7,100,23.9,0,0,0,10,"Rain, Overcast",rain,
LAGOS STATE,2024-07-11T03:00:00,11/07/2024,03:00:00,25,25,22.1,84.13,0,51.6,rain,0,0,28.8,16,243.7,1013.3,100,23.6,0,0,0,10,"Rain, Overcast",rain,
LAGOS STATE,2024-07-11T04:00:00,11/07/2024,04:00:00,25,25,22.2,84.47,0.3,51.6,rain,0,0,28.8,15.5,246.4,1013,100,23.4,0,0,0,10,"Rain, Overcast",rain,
LAGOS STATE,2024-07-11T05:00:00,11/07/2024,05:00:00,24.8,24.8,22.2,85.31,0,51.6,rain,0,0,28,14.4,256,1013.7,100,19.1,0.3,0,0,10,"Rain, Overcast",rain,
LAGOS STATE,2024-07-11T06:00:00,11/07/2024,06:00:00,24.6,24.6,22.2,86.17,0,51.6,rain,0,0,27.1,13.3,265.6,1014.3,100,14.9,0.7,0,0,10,"Rain, Overcast",rain,
LAGOS STATE,2024-07-11T07:00:00,11/07/2024,07:00:00,24.5,24.5,22.2,87.03,2,51.6,rain,0,0,26.3,12.2,275.2,1015,100,10.6,1,0,0,10,"Rain, Overcast",rain,
LAGOS STATE,2024-07-11T08:00:00,11/07/2024,08:00:00,24.6,24.6,22.2,86.87,0,48.4,rain,0,0,25.4,12.4,267.6,1015.3,100,9.9,17.7,0.1,0,10,"Rain, Overcast",rain,
LAGOS STATE,2024-07-11T09:00:00,11/07/2024,09:00:00,24.7,24.7,22.3,86.7,0,48.4,rain,0,0,24.6,12.5,260,1015.7,100,9.1,34.3,0.1,0,10,"Rain, Overcast",rain,
LAGOS STATE,2024-07-11T10:00:00,11/07/2024,10:00:00,24.8,24.8,22.4,86.53,2.8,48.4,rain,0,0,23.8,12.6,252.4,1016,100,8.4,51,0.2,1,10,"Rain, Overcast",rain,
LAGOS STATE,2024-07-11T11:00:00,11/07/2024,11:00:00,24.9,24.9,22.3,85.33,0,48.4,rain,0,0,25.9,14.9,249.2,1015.7,100,11.2,92.7,0.3,1,10,"Rain, Overcast",rain,
LAGOS STATE,2024-07-11T12:00:00,11/07/2024,12:00:00,25.2,25.2,22.3,84.15,0,48.4,rain,0,0,28.1,17.2,246.1,1015.3,100,13.9,134.3,0.5,1,10,"Rain, Overcast",rain,
LAGOS STATE,2024-07-11T13:00:00,11/07/2024,13:00:00,25.4,25.4,22.3,82.99,2.8,48.4,rain,0,0,30.2,19.4,242.9,1015,100,16.7,176,0.6,2,10,"Rain, Overcast",rain,
LAGOS STATE,2024-07-11T14:00:00,11/07/2024,14:00:00,25.8,25.8,22.1,79.9,0,35.5,,0,0,29.6,19.9,240,1014.3,100,19.2,243.3,0.9,2,10,Overcast,cloudy,
LAGOS STATE,2024-07-11T15:00:00,11/07/2024,15:00:00,26.3,26.3,21.9,76.94,0,35.5,,0,0,29,20.4,237,1013.7,100,21.6,310.7,1.1,3,10,Overcast,cloudy,
LAGOS STATE,2024-07-11T16:00:00,11/07/2024,16:00:00,26.8,28.7,21.8,74.1,0.8,35.5,rain,0,0,28.4,20.9,234.1,1013,100,24.1,378,1.4,4,10,Overcast,cloudy,
LAGOS STATE,2024-07-11T17:00:00,11/07/2024,17:00:00,26.4,26.4,21.7,75.26,0,35.5,,0,0,28.2,20.2,230.7,1013.3,100,24.1,316.3,1.2,3,10,Overcast,cloudy,
LAGOS STATE,2024-07-11T18:00:00,11/07/2024,18:00:00,26.2,26.2,21.7,76.45,0,35.5,,0,0,28,19.4,227.3,1013.7,100,24.1,254.7,0.9,3,10,Overcast,cloudy,
LAGOS STATE,2024-07-11T19:00:00,11/07/2024,19:00:00,25.9,25.9,21.7,77.66,0.1,35.5,rain,0,0,27.7,18.7,223.9,1014,100,24.1,193,0.7,2,10,Overcast,cloudy,
LAGOS STATE,2024-07-11T20:00:00,11/07/2024,20:00:00,25.8,25.8,21.6,77.5,0,6.5,,0,0,26.4,17.5,225.9,1015,100,24.1,128.7,0.5,0,10,Overcast,cloudy,
LAGOS STATE,2024-07-11T21:00:00,11/07/2024,21:00:00,25.8,25.8,21.5,77.34,0,6.5,,0,0,25.1,16.3,227.8,1016,100,24.1,64.3,0.2,0,10,Overcast,cloudy,
LAGOS STATE,2024-07-11T22:00:00,11/07/2024,22:00:00,25.8,25.8,21.5,77.18,0,6.5,,0,0,23.8,15.1,229.8,1017,100,24.1,0,0,0,10,Overcast,cloudy,
LAGOS STATE,2024-07-11T23:00:00,11/07/2024,23:00:00,25.7,25.7,21.4,77.48,0,6.5,,0,0,24.7,15.6,231.4,1016.7,100,24.1,0,0,0,10,Overcast,cloudy,
LAGOS STATE,2024-07-12T00:00:00,12/07/2024,00:00:00,25.6,25.6,21.4,77.78,0,6.5,,0,0,25.7,16.1,232.9,1016.3,100,24.1,0,0,0,10,Overcast,cloudy,
LAGOS STATE,2024-07-12T01:00:00,12/07/2024,01:00:00,25.5,25.5,21.4,78.08,0.1,6.5,rain,0,0,26.6,16.6,234.5,1016,100,24.1,0,0,0,10,Overcast,cloudy,
LAGOS STATE,2024-07-12T02:00:00,12/07/2024,02:00:00,25.4,25.4,21.2,77.91,0,38.7,,0,0,27.5,16.7,239.8,1015.3,100,24.1,0,0,0,10,Overcast,cloudy,
LAGOS STATE,2024-07-12T03:00:00,12/07/2024,03:00:00,25.3,25.3,21.1,77.73,0,38.7,,0,0,28.3,16.8,245,1014.7,100,24.1,0,0,0,10,Overcast,cloudy,
LAGOS STATE,2024-07-12T04:00:00,12/07/2024,04:00:00,25.2,25.2,21,77.56,0.1,38.7,rain,0,0,29.2,16.9,250.3,1014,100,24.1,0,0,0,10,Overcast,cloudy,
LAGOS STATE,2024-07-12T05:00:00,12/07/2024,05:00:00,25,25,21,78.5,0,38.7,,0,0,28.9,16,255.5,1014.7,100,24.1,0,0,0,10,Overcast,cloudy,
LAGOS STATE,2024-07-12T06:00:00,12/07/2024,06:00:00,24.9,24.9,21.1,79.45,0,38.7,,0,0,28.7,15,260.8,1015.3,100,24.1,0,0,0,10,Overcast,cloudy,
LAGOS STATE,2024-07-12T07:00:00,12/07/2024,07:00:00,24.8,24.8,21.2,80.41,0.1,38.7,rain,0,0,28.4,14,266,1016,100,24.1,0,0,0,10,Overcast,cloudy,
LAGOS STATE,2024-07-12T08:00:00,12/07/2024,08:00:00,25.1,25.1,21.1,78.35,0,41.9,,0,0,28.1,15,266.7,1016.3,99.7,24.1,30.7,0.2,0,10,Overcast,cloudy,
LAGOS STATE,2024-07-12T09:00:00,12/07/2024,09:00:00,25.4,25.4,21,76.34,0,41.9,,0,0,27.7,16,267.5,1016.7,99.3,24.1,61.3,0.3,1,10,Overcast,cloudy,
LAGOS STATE,2024-07-12T10:00:00,12/07/2024,10:00:00,25.8,25.8,20.9,74.39,0.2,41.9,rain,0,0,27.4,16.9,268.2,1017,99,24.1,92,0.3,1,10,Overcast,cloudy,
LAGOS STATE,2024-07-12T11:00:00,12/07/2024,11:00:00,26.6,26.6,20.6,69.66,0,41.9,,0,0,26.5,17.9,261,1016.7,98.9,24.1,223.7,0.8,2,10,Overcast,cloudy,
LAGOS STATE,2024-07-12T12:00:00,12/07/2024,12:00:00,27.4,29.1,20.3,65.25,0,41.9,,0,0,25.7,18.8,253.7,1016.3,98.7,24.1,355.3,1.3,4,10,Overcast,cloudy,
LAGOS STATE,2024-07-12T13:00:00,12/07/2024,13:00:00,28.3,30,20.1,61.13,0,41.9,,0,0,24.8,19.8,246.5,1016,98.6,24.1,487,1.8,5,10,Overcast,cloudy,
LAGOS STATE,2024-07-12T14:00:00,12/07/2024,14:00:00,28,29.7,20.1,62.09,0,32.3,,0,0,25.7,20.6,242.2,1015.3,98.5,24.1,447,1.6,4,10,Overcast,cloudy,
LAGOS STATE,2024-07-12T15:00:00,12/07/2024,15:00:00,27.7,29.4,20.1,63.06,0,32.3,,0,0,26.5,21.5,238,1014.7,98.4,24.1,407,1.5,4,10,Overcast,cloudy,
LAGOS STATE,2024-07-12T16:00:00,12/07/2024,16:00:00,27.5,29,20.1,64.05,0,32.3,,0,0,27.4,22.3,233.7,1014,98.3,24.1,367,1.3,4,10,Overcast,cloudy,
LAGOS STATE,2024-07-12T17:00:00,12/07/2024,17:00:00,27,28.7,20.4,67.35,0,32.3,,0,0,26.9,20.6,235.7,1014,98.6,24.1,277.3,1,3,10,Overcast,cloudy,
LAGOS STATE,2024-07-12T18:00:00,12/07/2024,18:00:00,26.6,26.6,20.9,70.81,0,32.3,,0,0,26.4,19,237.7,1014,99,24.1,187.7,0.7,2,10,Overcast,cloudy,
LAGOS STATE,2024-07-12T19:00:00,12/07/2024,19:00:00,26.2,26.2,21.3,74.45,0,32.3,,0,0,25.9,17.3,239.7,1014,99.3,24.1,98,0.4,1,10,Overcast,cloudy,
LAGOS STATE,2024-07-12T20:00:00,12/07/2024,20:00:00,26.1,26.1,21.2,74.74,0,9.7,,0,0,25,16.4,241.8,1014.7,99.5,24.1,65.3,0.3,0,10,Overcast,cloudy,
LAGOS STATE,2024-07-12T21:00:00,12/07/2024,21:00:00,26,26,21.2,75.03,0,9.7,,0,0,24,15.6,244,1015.3,99.8,24.1,32.7,0.1,0,10,Overcast,cloudy,
LAGOS STATE,2024-07-12T22:00:00,12/07/2024,22:00:00,25.9,25.9,21.2,75.32,0,9.7,,0,0,23,14.8,246.1,1016,100,24.1,0,0,0,10,Overcast,cloudy,
LAGOS STATE,2024-07-12T23:00:00,12/07/2024,23:00:00,25.7,25.7,21.3,76.7,0,9.7,,0,0,24,15.1,243.4,1015.7,100,24.1,0,0,0,10,Overcast,cloudy,
LAGOS STATE,2024-07-13T00:00:00,13/07/2024,00:00:00,25.6,25.6,21.5,78.1,0,9.7,,0,0,25,15.5,240.6,1015.3,100,24.1,0,0,0,10,Overcast,cloudy,
LAGOS STATE,2024-07-13T01:00:00,13/07/2024,01:00:00,25.5,25.5,21.7,79.53,0.3,9.7,rain,0,0,25.9,15.8,237.9,1015,100,24.1,0,0,0,10,Overcast,cloudy,
LAGOS STATE,2024-07-13T02:00:00,13/07/2024,02:00:00,25.3,25.3,21.5,79.67,0,35.5,,0,0,26.8,16.3,238.6,1014.7,100,24.1,0,0,0,10,Overcast,cloudy,
LAGOS STATE,2024-07-13T03:00:00,13/07/2024,03:00:00,25.1,25.1,21.4,79.81,0,35.5,,0,0,27.6,16.8,239.3,1014.3,100,24.1,0,0,0,10,Overcast,cloudy,
LAGOS STATE,2024-07-13T04:00:00,13/07/2024,04:00:00,25,25,21.3,79.95,0.2,35.5,rain,0,0,28.4,17.3,240,1014,100,24.1,0,0,0,10,Overcast,cloudy,
LAGOS STATE,2024-07-13T05:00:00,13/07/2024,05:00:00,24.9,24.9,21.3,80.11,0,35.5,,0,0,27.5,16.1,246.2,1014.7,100,24.1,0.3,0,0,10,Overcast,cloudy,
LAGOS STATE,2024-07-13T06:00:00,13/07/2024,06:00:00,24.9,24.9,21.3,80.27,0,35.5,,0,0,26.5,14.9,252.3,1015.3,100,24.1,0.7,0,0,10,Overcast,cloudy,
LAGOS STATE,2024-07-13T07:00:00,13/07/2024,07:00:00,24.9,24.9,21.3,80.43,0.3,35.5,rain,0,0,25.6,13.7,258.5,1016,100,24.1,1,0,0,10,Overcast,cloudy,
LAGOS STATE,2024-07-13T08:00:00,13/07/2024,08:00:00,25.8,25.8,21.1,75.46,0,45.2,rain,0,0,23.6,14.8,254.6,1016.3,88.3,24.1,95.3,0.3,1,10,"Rain, Partially cloudy",rain,
LAGOS STATE,2024-07-13T09:00:00,13/07/2024,09:00:00,26.7,28.4,21,70.83,0,45.2,rain,0,0,21.7,15.8,250.7,1016.7,76.7,24.1,189.7,0.7,2,10,"Rain, Partially cloudy",rain,
LAGOS STATE,2024-07-13T10:00:00,13/07/2024,10:00:00,27.7,29.6,20.9,66.51,0.2,45.2,rain,0,0,19.8,16.9,246.8,1017,65,24.1,284,1,3,10,"Rain, Partially cloudy",rain,
LAGOS STATE,2024-07-13T11:00:00,13/07/2024,11:00:00,28.4,30.4,20.7,63.33,0,45.2,rain,0,0,20.4,18.2,243,1016.3,76.7,24.1,432.3,1.5,4,10,"Rain, Partially cloudy",rain,
LAGOS STATE,2024-07-13T12:00:00,13/07/2024,12:00:00,29.1,31.2,20.6,60.31,0,45.2,rain,0,0,21,19.6,239.3,1015.7,88.3,24.1,580.7,2.1,6,10,"Rain, Partially cloudy",rain,
LAGOS STATE,2024-07-13T13:00:00,13/07/2024,13:00:00,29.8,31.9,20.5,57.45,0.2,45.2,rain,0,0,21.6,20.9,235.5,1015,100,24.1,729,2.6,7,10,"Rain, Overcast",rain,
LAGOS STATE,2024-07-13T14:00:00,13/07/2024,14:00:00,29.5,31.6,20.4,57.99,0,25.8,,0,0,22,21.1,232.8,1014,100,24.1,697.7,2.5,7,10,Overcast,cloudy,
LAGOS STATE,2024-07-13T15:00:00,13/07/2024,15:00:00,29.3,31.3,20.3,58.53,0,25.8,,0,0,22.3,21.4,230.2,1013,100,24.1,666.3,2.4,7,10,Overcast,cloudy,
LAGOS STATE,2024-07-13T16:00:00,13/07/2024,16:00:00,29.1,31,20.3,59.09,0.1,25.8,rain,0,0,22.7,21.6,227.5,1012,100,24.1,635,2.3,6,10,Overcast,cloudy,
LAGOS STATE,2024-07-13T17:00:00,13/07/2024,17:00:00,28.2,30.1,20.5,63.04,0,25.8,,0,0,23.2,21.2,228.4,1012.3,97.9,24.1,500.7,1.8,5,10,Overcast,cloudy,
LAGOS STATE,2024-07-13T18:00:00,13/07/2024,18:00:00,27.3,29.1,20.7,67.27,0,25.8,,0,0,23.6,20.9,229.2,1012.7,95.8,24.1,366.3,1.3,4,3,Overcast,cloudy,
LAGOS STATE,2024-07-13T19:00:00,13/07/2024,19:00:00,26.5,26.5,21,71.81,0,25.8,,0,0,24.1,20.5,230.1,1013,93.7,24.1,232,0.8,2,3,Overcast,cloudy,
LAGOS STATE,2024-07-13T20:00:00,13/07/2024,20:00:00,26.3,26.3,20.9,72.37,0,16.1,,0,0,24.4,19.7,229.1,1013.7,85.6,24.1,154.7,0.5,0,3,Partially cloudy,partly-cloudy-night,
LAGOS STATE,2024-07-13T21:00:00,13/07/2024,21:00:00,26.1,26.1,20.9,72.94,0,16.1,,0,0,24.6,18.8,228.2,1014.3,77.5,24.1,77.3,0.3,0,3,Partially cloudy,partly-cloudy-night,
LAGOS STATE,2024-07-13T22:00:00,13/07/2024,22:00:00,26,26,20.9,73.51,0,16.1,,0,0,24.8,18,227.2,1015,69.4,24.1,0,0,0,3,Partially cloudy,partly-cloudy-night,
LAGOS STATE,2024-07-13T23:00:00,13/07/2024,23:00:00,25.8,25.8,20.8,73.79,0,16.1,,0,0,24.8,17.9,227.3,1015,79.6,24.1,0,0,0,10,Partially cloudy,partly-cloudy-night,
LAGOS STATE,2024-07-14T00:00:00,14/07/2024,00:00:00,25.7,25.7,20.7,74.07,0,16.1,,0,0,24.8,17.8,227.4,1015,89.8,24.1,0,0,0,10,Partially cloudy,partly-cloudy-night,
LAGOS STATE,2024-07-14T01:00:00,14/07/2024,01:00:00,25.6,25.6,20.7,74.35,0,16.1,,0,0,24.8,17.6,227.5,1015,100,24.1,0,0,0,10,Overcast,cloudy,
LAGOS STATE,2024-07-14T02:00:00,14/07/2024,02:00:00,25.4,25.4,20.4,74.17,0,29,,0,0,25.1,16.9,235.3,1014.7,100,24.1,0,0,0,10,Overcast,cloudy,
LAGOS STATE,2024-07-14T03:00:00,14/07/2024,03:00:00,25.2,25.2,20.2,73.98,0,29,,0,0,25.3,16.2,243.2,1014.3,100,24.1,0,0,0,10,Overcast,cloudy,
LAGOS STATE,2024-07-14T04:00:00,14/07/2024,04:00:00,25,25,20,73.79,0,29,,0,0,25.6,15.5,251,1014,100,24.1,0,0,0,10,Overcast,cloudy,
LAGOS STATE,2024-07-14T05:00:00,14/07/2024,05:00:00,24.9,24.9,20,74.39,0,29,,0,0,24.8,14.3,256.3,1014.7,99.8,24.1,0.3,0,0,10,Overcast,cloudy,
LAGOS STATE,2024-07-14T06:00:00,14/07/2024,06:00:00,24.8,24.8,20,74.99,0,29,,0,0,24.1,13.1,261.6,1015.3,99.7,24.1,0.7,0,0,10,Overcast,cloudy,
LAGOS STATE,2024-07-14T07:00:00,14/07/2024,07:00:00,24.7,24.7,20.1,75.59,0,29,rain,0,0,23.4,11.9,266.9,1016,99.5,24.1,1,0,0,10,Overcast,cloudy,
LAGOS STATE,2024-07-14T08:00:00,14/07/2024,08:00:00,25.4,25.4,19.9,72.06,0,29,,0,0,22.2,13.6,259.8,1016.3,99.7,24.1,50.7,0.2,1,10,Overcast,cloudy,
LAGOS STATE,2024-07-14T09:00:00,14/07/2024,09:00:00,26.1,26.1,19.9,68.7,0,29,,0,0,21,15.2,252.8,1016.7,99.8,24.1,100.3,0.3,1,10,Overcast,cloudy,
LAGOS STATE,2024-07-14T10:00:00,14/07/2024,10:00:00,26.8,28.1,19.8,65.51,0.1,29,rain,0,0,19.8,16.9,245.7,1017,100,24.1,150,0.5,2,10,Overcast,cloudy,
LAGOS STATE,2024-07-14T11:00:00,14/07/2024,11:00:00,27.3,28.7,19.7,63.22,0,29,,0,0,19.1,17.4,241.2,1016.3,99.7,24.1,257.3,0.9,3,3,Overcast,cloudy,
LAGOS STATE,2024-07-14T12:00:00,14/07/2024,12:00:00,27.8,29.2,19.6,61.02,0,29,,0,0,18.4,17.9,236.8,1015.7,99.5,24.1,364.7,1.3,4,5,Overcast,cloudy,
LAGOS STATE,2024-07-14T13:00:00,14/07/2024,13:00:00,28.3,29.7,19.5,58.9,0,29,,0,0,17.6,18.4,232.3,1015,99.2,24.1,472,1.7,5,5,Overcast,cloudy,
LAGOS STATE,2024-07-14T14:00:00,14/07/2024,14:00:00,28.2,29.7,19.7,59.98,0,12.9,,0,0,18.4,18.8,230.9,1014.3,99.5,24.1,445,1.7,4,5,Overcast,cloudy,
LAGOS STATE,2024-07-14T15:00:00,14/07/2024,15:00:00,28.1,29.6,19.9,61.09,0,12.9,,0,0,19.1,19.3,229.4,1013.7,99.7,24.1,418,1.5,4,5,Overcast,cloudy,
LAGOS STATE,2024-07-14T16:00:00,14/07/2024,16:00:00,28,29.6,20.1,62.21,0,12.9,,0,0,19.8,19.8,228,1013,100,24.1,391,1.4,4,5,Overcast,cloudy,
LAGOS STATE,2024-07-14T17:00:00,14/07/2024,17:00:00,27.4,29,20.1,64.44,0,12.9,,0,0,20.8,19.4,229.4,1013.3,100,24.1,340.3,1.2,3,5,Overcast,cloudy,
LAGOS STATE,2024-07-14T18:00:00,14/07/2024,18:00:00,26.8,28.3,20.1,66.75,0,12.9,,0,0,21.7,19.1,230.8,1013.7,100,24.1,289.7,1.1,3,5,Overcast,cloudy,
LAGOS STATE,2024-07-14T19:00:00,14/07/2024,19:00:00,26.3,26.3,20.2,69.16,0,12.9,,0,0,22.7,18.7,232.2,1014,100,24.1,239,0.9,2,5,Overcast,cloudy,
LAGOS STATE,2024-07-14T20:00:00,14/07/2024,20:00:00,26.1,26.1,20.1,69.56,0,6.5,,0,0,23.2,17.9,231.7,1014.3,90.6,24.1,159.3,0.6,0,5,Overcast,cloudy,
LAGOS STATE,2024-07-14T21:00:00,14/07/2024,21:00:00,25.9,25.9,20,69.96,0,6.5,,0,0,23.6,17,231.1,1014.7,81.3,24.1,79.7,0.3,0,3,Partially cloudy,partly-cloudy-night,
LAGOS STATE,2024-07-14T22:00:00,14/07/2024,22:00:00,25.8,25.8,20,70.37,0,6.5,,0,0,24.1,16.2,230.6,1015,71.9,24.1,0,0,0,10,Partially cloudy,partly-cloudy-night,
LAGOS STATE,2024-07-14T23:00:00,14/07/2024,23:00:00,25.6,25.6,19.9,70.78,0,6.5,,0,0,25.1,16.4,231.3,1015,61.1,24.1,0,0,0,10,Partially cloudy,partly-cloudy-night,
LAGOS STATE,2024-07-15T00:00:00,15/07/2024,00:00:00,25.5,25.5,19.9,71.19,0,6.5,,0,0,26,16.7,232,1015,50.2,24.1,0,0,0,10,Partially cloudy,partly-cloudy-night,
LAGOS STATE,2024-07-15T01:00:00,15/07/2024,01:00:00,25.4,25.4,19.9,71.61,0,6.5,,0,0,27,16.9,232.7,1015,39.4,24.1,0,0,0,10,Partially cloudy,partly-cloudy-night,
LAGOS STATE,2024-07-15T02:00:00,15/07/2024,02:00:00,25.2,25.2,19.7,71.73,0,45.2,rain,0,0,26.6,16.2,239.4,1014.7,45.3,24.1,0,0,0,10,"Rain, Partially cloudy",rain,
LAGOS STATE,2024-07-15T03:00:00,15/07/2024,03:00:00,25,25,19.6,71.85,0,45.2,rain,0,0,26.3,15.5,246.1,1014.3,51.3,24.1,0,0,0,10,"Rain, Partially cloudy",rain,
LAGOS STATE,2024-07-15T04:00:00,15/07/2024,04:00:00,24.9,24.9,19.5,71.97,0,45.2,rain,0,0,25.9,14.8,252.8,1014,57.2,24.1,0,0,0,10,"Rain, Partially cloudy",rain,
LAGOS STATE,2024-07-15T05:00:00,15/07/2024,05:00:00,24.9,24.9,19.4,71.82,0,45.2,rain,0,0,25.4,14,252.7,1014.3,71.4,24.1,0.3,0,0,10,"Rain, Partially cloudy",rain,
LAGOS STATE,2024-07-15T06:00:00,15/07/2024,06:00:00,24.9,24.9,19.4,71.67,0,45.2,rain,0,0,25,13.3,252.7,1014.7,85.7,24.1,0.7,0,0,10,"Rain, Partially cloudy",rain,
LAGOS STATE,2024-07-15T07:00:00,15/07/2024,07:00:00,24.9,24.9,19.4,71.52,0,45.2,rain,0,0,24.5,12.6,252.6,1015,99.9,24.1,1,0,0,10,"Rain, Overcast",rain,
LAGOS STATE,2024-07-15T08:00:00,15/07/2024,08:00:00,25.4,25.4,19.4,69.71,0,22.6,,0,0,24.4,14.4,247.8,1015.3,99.9,24.1,28.3,0.2,0,10,Overcast,cloudy,
LAGOS STATE,2024-07-15T09:00:00,15/07/2024,09:00:00,25.9,25.9,19.5,67.95,0,22.6,,0,0,24.2,16.2,242.9,1015.7,100,24.1,55.7,0.3,1,10,Overcast,cloudy,
LAGOS STATE,2024-07-15T10:00:00,15/07/2024,10:00:00,26.4,26.4,19.6,66.25,0,22.6,,0,0,24.1,18,238.1,1016,100,24.1,83,0.3,1,10,Overcast,cloudy,
LAGOS STATE,2024-07-15T11:00:00,15/07/2024,11:00:00,27,28.3,19.5,63.82,0,22.6,,0,0,23,18.4,236.8,1015.7,95.3,24.1,171.7,0.6,2,10,Overcast,cloudy,
LAGOS STATE,2024-07-15T12:00:00,15/07/2024,12:00:00,27.6,28.9,19.5,61.48,0,22.6,,0,0,22,18.7,235.5,1015.3,90.6,24.1,260.3,1,3,10,Overcast,cloudy,
LAGOS STATE,2024-07-15T13:00:00,15/07/2024,13:00:00,28.2,29.6,19.5,59.24,0,22.6,,0,0,20.9,19.1,234.2,1015,85.9,24.1,349,1.3,3,10,Partially cloudy,partly-cloudy-day,
LAGOS STATE,2024-07-15T14:00:00,15/07/2024,14:00:00,28.3,29.7,19.4,58.66,0,16.1,,0,0,21,19.9,230.6,1014.3,79.7,24.1,401,1.5,4,10,Partially cloudy,partly-cloudy-day,
LAGOS STATE,2024-07-15T15:00:00,15/07/2024,15:00:00,28.4,29.8,19.4,58.09,0,16.1,,0,0,21.1,20.8,227.1,1013.7,73.5,24.1,453,1.6,5,10,Partially cloudy,partly-cloudy-day,
LAGOS STATE,2024-07-15T16:00:00,15/07/2024,16:00:00,28.6,30,19.4,57.52,0.1,16.1,rain,0,0,21.2,21.6,223.5,1013,67.3,24.1,505,1.8,5,10,Partially cloudy,partly-cloudy-day,
LAGOS STATE,2024-07-15T17:00:00,15/07/2024,17:00:00,27.8,29.3,19.5,60.66,0,16.1,,0,0,22.9,21.2,224.6,1013,46.5,24.1,417,1.5,4,10,Partially cloudy,partly-cloudy-day,
LAGOS STATE,2024-07-15T18:00:00,15/07/2024,18:00:00,27.1,28.5,19.7,63.98,0,16.1,,0,0,24.6,20.9,225.8,1013,25.8,24.1,329,1.2,3,10,Partially cloudy,partly-cloudy-day,
LAGOS STATE,2024-07-15T19:00:00,15/07/2024,19:00:00,26.4,26.4,19.9,67.49,0,16.1,,0,0,26.3,20.5,226.9,1013,5,24.1,241,0.9,2,10,Clear,clear-day,
LAGOS STATE,2024-07-15T20:00:00,15/07/2024,20:00:00,26.2,26.2,20.1,69.02,0,9.7,,0,0,27.5,20.6,225.5,1013.3,24.4,24.1,160.7,0.6,0,10,Partially cloudy,partly-cloudy-night,
LAGOS STATE,2024-07-15T21:00:00,15/07/2024,21:00:00,26.1,26.1,20.3,70.57,0,9.7,,0,0,28.7,20.8,224,1013.7,43.7,24.1,80.3,0.3,0,10,Partially cloudy,partly-cloudy-night,
LAGOS STATE,2024-07-15T22:00:00,15/07/2024,22:00:00,26,26,20.6,72.16,0,9.7,,0,0,29.9,20.9,222.6,1014,63.1,24.1,0,0,0,10,Partially cloudy,partly-cloudy-night,
LAGOS STATE,2024-07-15T23:00:00,15/07/2024,23:00:00,25.8,25.8,20.5,72.58,0,9.7,,0,0,28.9,20.2,225.6,1014,75.4,24.1,0,0,0,10,Partially cloudy,partly-cloudy-night,
LAGOS STATE,2024-07-16T00:00:00,16/07/2024,00:00:00,25.6,25.6,20.4,73,0,9.7,,0,0,28,19.4,228.7,1014,87.7,24.1,0,0,0,10,Partially cloudy,partly-cloudy-night,
LAGOS STATE,2024-07-16T01:00:00,16/07/2024,01:00:00,25.5,25.5,20.4,73.42,0,9.7,,0,0,27,18.7,231.7,1014,100,24.1,0,0,0,10,Overcast,cloudy,
LAGOS STATE,2024-07-16T02:00:00,16/07/2024,02:00:00,25.3,25.3,20.3,73.7,0,38.7,,0,0,27.7,18.7,236.2,1013.7,100,24.1,0,0,0,10,Overcast,cloudy,
LAGOS STATE,2024-07-16T03:00:00,16/07/2024,03:00:00,25.2,25.2,20.2,73.99,0,38.7,,0,0,28.4,18.7,240.8,1013.3,100,24.1,0,0,0,10,Overcast,cloudy,
LAGOS STATE,2024-07-16T04:00:00,16/07/2024,04:00:00,25.1,25.1,20.2,74.27,0,38.7,rain,0,0,29.2,18.7,245.3,1013,100,24.1,0,0,0,10,Overcast,cloudy,
LAGOS STATE,2024-07-16T05:00:00,16/07/2024,05:00:00,25,25,20.2,74.72,0,38.7,,0,0,28.9,18.2,245.9,1013.7,100,24.1,0.3,0,0,10,Overcast,cloudy,
LAGOS STATE,2024-07-16T06:00:00,16/07/2024,06:00:00,25,25,20.3,75.18,0,38.7,,0,0,28.7,17.8,246.6,1014.3,100,24.1,0.7,0,0,10,Overcast,cloudy,
LAGOS STATE,2024-07-16T07:00:00,16/07/2024,07:00:00,25,25,20.4,75.64,0.2,38.7,rain,0,0,28.4,17.3,247.2,1015,100,24.1,1,0,0,10,Overcast,cloudy,
LAGOS STATE,2024-07-16T08:00:00,16/07/2024,08:00:00,25.8,25.8,20.3,71.54,0,51.6,rain,0,0,26.9,18.7,241.9,1015.3,100,24.1,94.3,0.3,1,10,"Rain, Overcast",rain,
LAGOS STATE,2024-07-16T09:00:00,16/07/2024,09:00:00,26.6,26.6,20.2,67.68,0,51.6,rain,0,0,25.3,20.2,236.7,1015.7,100,24.1,187.7,0.7,2,10,"Rain, Overcast",rain,
LAGOS STATE,2024-07-16T10:00:00,16/07/2024,10:00:00,27.5,29,20.1,64.05,0.1,51.6,rain,0,0,23.8,21.6,231.4,1016,100,24.1,281,1,3,10,"Rain, Overcast",rain,
LAGOS STATE,2024-07-16T11:00:00,16/07/2024,11:00:00,27.7,29.3,20,62.8,0,51.6,rain,0,0,23.9,22,232.1,1015.7,95,24.1,383.7,1.4,4,10,"Rain, Overcast",rain,
LAGOS STATE,2024-07-16T12:00:00,16/07/2024,12:00:00,28,29.6,19.9,61.58,0,51.6,rain,0,0,24,22.3,232.9,1015.3,90,24.1,486.3,1.7,5,10,"Rain, Partially cloudy",rain,
LAGOS STATE,2024-07-16T13:00:00,16/07/2024,13:00:00,28.3,29.9,19.9,60.38,0.2,51.6,rain,0,0,24.1,22.7,233.6,1015,85,24.1,589,2.1,6,10,"Rain, Partially cloudy",rain,
LAGOS STATE,2024-07-16T14:00:00,16/07/2024,14:00:00,28.3,29.9,19.8,60.01,0,38.7,,0,0,24.8,23.3,234.2,1014.3,90,24.1,608.3,2.2,6,10,Partially cloudy,partly-cloudy-day,
LAGOS STATE,2024-07-16T15:00:00,16/07/2024,15:00:00,28.3,29.9,19.7,59.65,0,38.7,,0,0,25.6,23.9,234.7,1013.7,95,24.1,627.7,2.2,6,10,Overcast,cloudy,
LAGOS STATE,2024-07-16T16:00:00,16/07/2024,16:00:00,28.4,29.9,19.7,59.29,0.1,38.7,rain,0,0,26.3,24.5,235.3,1013,100,24.1,647,2.3,6,10,Overcast,cloudy,
LAGOS STATE,2024-07-16T17:00:00,16/07/2024,17:00:00,27.7,29.2,19.8,62.27,0,38.7,,0,0,26.3,23.3,236.2,1013.3,98.4,24.1,510.7,1.8,5,10,Overcast,cloudy,
LAGOS STATE,2024-07-16T18:00:00,16/07/2024,18:00:00,26.9,28.4,19.9,65.42,0,38.7,,0,0,26.3,22.1,237.1,1013.7,96.8,24.1,374.3,1.4,4,10,Overcast,cloudy,
LAGOS STATE,2024-07-16T19:00:00,16/07/2024,19:00:00,26.3,26.3,20.1,68.74,0,38.7,,0,0,26.3,20.9,238,1014,95.2,24.1,238,0.9,2,10,Overcast,cloudy,
LAGOS STATE,2024-07-16T20:00:00,16/07/2024,20:00:00,26.1,26.1,20.2,69.99,0,22.6,,0,0,25.4,19.4,238.3,1014.7,93.4,24.1,158.7,0.6,0,10,Overcast,cloudy,
LAGOS STATE,2024-07-16T21:00:00,16/07/2024,21:00:00,25.9,25.9,20.3,71.27,0,22.6,,0,0,24.6,18,238.6,1015.3,91.5,24.1,79.3,0.3,0,10,Overcast,cloudy,
LAGOS STATE,2024-07-16T22:00:00,16/07/2024,22:00:00,25.8,25.8,20.5,72.57,0,22.6,,0,0,23.8,16.6,238.9,1016,89.7,24.1,0,0,0,10,Partially cloudy,partly-cloudy-night,
LAGOS STATE,2024-07-16T23:00:00,16/07/2024,23:00:00,25.5,25.5,20.5,73.59,0,22.6,,0,0,24.2,16.4,240.3,1015.3,85.8,24.1,0,0,0,10,Partially cloudy,partly-cloudy-night,
LAGOS STATE,2024-07-17T00:00:00,17/07/2024,00:00:00,25.3,25.3,20.5,74.61,0,22.6,,0,0,24.7,16.3,241.8,1014.7,82,24.1,0,0,0,10,Partially cloudy,partly-cloudy-night,
LAGOS STATE,2024-07-17T01:00:00,17/07/2024,01:00:00,25.1,25.1,20.5,75.66,0.1,22.6,rain,0,0,25.2,16.2,243.2,1014,78.1,24.1,0,0,0,10,Partially cloudy,partly-cloudy-night,
LAGOS STATE,2024-07-17T02:00:00,17/07/2024,02:00:00,24.9,24.9,20.4,76.26,0,41.9,,0,0,25.1,15.5,247.5,1013.7,85.4,24.1,0,0,0,10,Partially cloudy,partly-cloudy-night,
LAGOS STATE,2024-07-17T03:00:00,17/07/2024,03:00:00,24.7,24.7,20.4,76.86,0,41.9,,0,0,25,14.8,251.8,1013.3,92.7,24.1,0,0,0,10,Overcast,cloudy,
LAGOS STATE,2024-07-17T04:00:00,17/07/2024,04:00:00,24.6,24.6,20.4,77.47,0,41.9,rain,0,0,24.8,14,256.1,1013,100,24.1,0,0,0,10,Overcast,cloudy,
LAGOS STATE,2024-07-17T05:00:00,17/07/2024,05:00:00,24.7,24.7,20.4,77.01,0,41.9,,0,0,24.2,13.6,258.3,1013.7,100,24.1,0,0,0,10,Overcast,cloudy,
LAGOS STATE,2024-07-17T06:00:00,17/07/2024,06:00:00,24.8,24.8,20.4,76.55,0,41.9,,0,0,23.6,13.1,260.4,1014.3,100,24.1,0,0,0,10,Overcast,cloudy,
LAGOS STATE,2024-07-17T07:00:00,17/07/2024,07:00:00,24.9,24.9,20.4,76.09,0.1,41.9,rain,0,0,23,12.6,262.6,1015,100,24.1,0,0,0,10,Overcast,cloudy,
LAGOS STATE,2024-07-17T08:00:00,17/07/2024,08:00:00,25.4,25.4,20.4,74.17,0,67.7,rain,0,0,21.5,13.3,257.4,1015.7,99.9,24.1,48.7,0.2,0,10,"Rain, Overcast",rain,
LAGOS STATE,2024-07-17T09:00:00,17/07/2024,09:00:00,25.9,25.9,20.5,72.29,0,67.7,rain,0,0,19.9,14,252.1,1016.3,99.8,24.1,97.3,0.3,1,10,"Rain, Overcast",rain,
LAGOS STATE,2024-07-17T10:00:00,17/07/2024,10:00:00,26.4,26.4,20.6,70.48,0.2,67.7,rain,0,0,18.4,14.8,246.9,1017,99.7,24.1,146,0.5,1,3,"Rain, Overcast",rain,
LAGOS STATE,2024-07-17T11:00:00,17/07/2024,11:00:00,27.1,28.8,20.5,67.22,0,67.7,rain,0,0,19,16.6,242.5,1016.7,86.5,24.1,296.7,1.1,3,10,"Rain, Partially cloudy",rain,
LAGOS STATE,2024-07-17T12:00:00,17/07/2024,12:00:00,27.8,29.6,20.4,64.13,0,67.7,rain,0,0,19.6,18.4,238.1,1016.3,73.3,24.1,447.3,1.6,4,10,"Rain, Partially cloudy",rain,
LAGOS STATE,2024-07-17T13:00:00,17/07/2024,13:00:00,28.6,30.5,20.4,61.2,0.2,67.7,rain,0,0,20.2,20.2,233.7,1016,60.1,24.1,598,2.2,6,10,"Rain, Partially cloudy",rain,
LAGOS STATE,2024-07-17T14:00:00,17/07/2024,14:00:00,28.5,30.3,20.2,60.82,0,35.5,,0,0,21.1,20.8,234.2,1015,73,24.1,604,2.2,6,10,Partially cloudy,partly-cloudy-day,
LAGOS STATE,2024-07-17T15:00:00,17/07/2024,15:00:00,28.5,30.2,20.1,60.43,0,35.5,,0,0,22.1,21.4,234.8,1014,85.8,24.1,610,2.2,6,10,Partially cloudy,partly-cloudy-day,
LAGOS STATE,2024-07-17T16:00:00,17/07/2024,16:00:00,28.5,30.1,20,60.05,0.1,35.5,rain,0,0,23,22,235.3,1013,98.7,24.1,616,2.2,6,3,Overcast,cloudy,
LAGOS STATE,2024-07-17T17:00:00,17/07/2024,17:00:00,27.8,29.4,20,62.43,0,35.5,,0,0,23.4,20.8,238.4,1013.3,96.8,24.1,500.7,1.8,5,10,Overcast,cloudy,
LAGOS STATE,2024-07-17T18:00:00,17/07/2024,18:00:00,27.1,28.6,20,64.92,0,35.5,,0,0,23.8,19.6,241.4,1013.7,95,24.1,385.3,1.4,4,10,Overcast,cloudy,
LAGOS STATE,2024-07-17T19:00:00,17/07/2024,19:00:00,26.5,26.5,20,67.51,0,35.5,,0,0,24.1,18.4,244.5,1014,93.1,24.1,270,1,3,10,Overcast,cloudy,
LAGOS STATE,2024-07-17T20:00:00,17/07/2024,20:00:00,26.2,26.2,20.1,69.02,0,22.6,,0,0,25.3,18.2,245.3,1014.7,95.4,24.1,180,0.7,0,10,Overcast,cloudy,
LAGOS STATE,2024-07-17T21:00:00,17/07/2024,21:00:00,26,26,20.2,70.55,0,22.6,,0,0,26.5,18.1,246.2,1015.3,97.7,24.1,90,0.3,0,3,Overcast,cloudy,
LAGOS STATE,2024-07-17T22:00:00,17/07/2024,22:00:00,25.8,25.8,20.4,72.13,0,22.6,,0,0,27.7,18,247,1016,100,24.1,0,0,0,5,Overcast,cloudy,
LAGOS STATE,2024-07-17T23:00:00,17/07/2024,23:00:00,25.6,25.6,20.2,72.1,0,22.6,,0,0,27.1,16.9,247.4,1015.7,82.9,24.1,0,0,0,3,Partially cloudy,partly-cloudy-night,
LAGOS STATE,2024-07-18T00:00:00,18/07/2024,00:00:00,25.5,25.5,20.1,72.08,0,22.6,,0,0,26.5,15.8,247.9,1015.3,65.8,24.1,0,0,0,10,Partially cloudy,partly-cloudy-night,
LAGOS STATE,2024-07-18T01:00:00,18/07/2024,01:00:00,25.4,25.4,20,72.06,0,22.6,,0,0,25.9,14.8,248.3,1015,48.7,24.1,0,0,0,10,Partially cloudy,partly-cloudy-night,
LAGOS STATE,2024-07-18T02:00:00,18/07/2024,02:00:00,25.2,25.2,19.9,72.77,0,41.9,,0,0,25.9,14.6,251.4,1014.7,54.1,24.1,0,0,0,10,Partially cloudy,partly-cloudy-night,
LAGOS STATE,2024-07-18T03:00:00,18/07/2024,03:00:00,24.9,24.9,19.9,73.49,0,41.9,,0,0,25.9,14.5,254.4,1014.3,59.6,24.1,0,0,0,10,Partially cloudy,partly-cloudy-night,
LAGOS STATE,2024-07-18T04:00:00,18/07/2024,04:00:00,24.8,24.8,19.9,74.22,0,41.9,,0,0,25.9,14.4,257.5,1014,65,24.1,0,0,0,10,Partially cloudy,partly-cloudy-night,
LAGOS STATE,2024-07-18T05:00:00,18/07/2024,05:00:00,24.7,24.7,20,75.13,0,41.9,,0,0,25,13.3,260.3,1014.7,61.5,24.1,0.3,0,0,10,Partially cloudy,partly-cloudy-night,
LAGOS STATE,2024-07-18T06:00:00,18/07/2024,06:00:00,24.6,24.6,20.1,76.05,0,41.9,,0,0,24,12.2,263,1015.3,57.9,24.1,0.7,0,0,10,Partially cloudy,partly-cloudy-night,
LAGOS STATE,2024-07-18T07:00:00,18/07/2024,07:00:00,24.5,24.5,20.2,76.98,0,41.9,,0,0,23,11.2,265.8,1016,54.4,24.1,1,0,0,3,Partially cloudy,partly-cloudy-day,
LAGOS STATE,2024-07-18T08:00:00,18/07/2024,08:00:00,25.6,25.6,20.1,71.66,0,64.5,rain,0,0,21.1,13.1,256.7,1016,57,24.1,111.7,0.5,1,3,"Rain, Partially cloudy",rain,
LAGOS STATE,2024-07-18T09:00:00,18/07/2024,09:00:00,26.8,28.3,20.1,66.75,0,64.5,rain,0,0,19.2,15,247.7,1016,59.6,24.1,222.3,0.9,2,3,"Rain, Partially cloudy",rain,
LAGOS STATE,2024-07-18T10:00:00,18/07/2024,10:00:00,28,29.6,20.1,62.21,0,64.5,rain,0,0,17.3,16.9,238.6,1016,62.2,24.1,333,1.2,3,3,"Rain, Partially cloudy",rain,
LAGOS STATE,2024-07-18T11:00:00,18/07/2024,11:00:00,27.7,29.4,20.2,63.58,0,64.5,rain,0,0,18.2,17.8,237,1015.3,54,24.1,364.3,1.3,4,3,"Rain, Partially cloudy",rain,
LAGOS STATE,2024-07-18T12:00:00,18/07/2024,12:00:00,27.4,29.1,20.3,64.98,0,64.5,rain,0,0,19.2,18.6,235.3,1014.7,45.9,24.1,395.7,1.4,4,3,"Rain, Partially cloudy",rain,
LAGOS STATE,2024-07-18T13:00:00,18/07/2024,13:00:00,27.2,28.8,20.4,66.41,0,64.5,rain,0,0,20.2,19.4,233.7,1014,37.7,24.1,427,1.5,4,3,"Rain, Partially cloudy",rain,
LAGOS STATE,2024-07-18T14:00:00,18/07/2024,14:00:00,27.2,28.9,20.4,66.42,0,29,,0,0,20.4,20,228.5,1013.3,32.5,24.1,499.7,1.8,5,3,Partially cloudy,partly-cloudy-day,
LAGOS STATE,2024-07-18T15:00:00,18/07/2024,15:00:00,27.3,29,20.5,66.44,0,29,,0,0,20.6,20.6,223.4,1012.7,27.4,24.1,572.3,2,6,3,Partially cloudy,partly-cloudy-day,
LAGOS STATE,2024-07-18T16:00:00,18/07/2024,16:00:00,27.4,29.1,20.6,66.45,0.1,29,rain,0,0,20.9,21.2,218.2,1012,22.2,24.1,645,2.3,6,3,Partially cloudy,partly-cloudy-day,
LAGOS STATE,2024-07-18T17:00:00,18/07/2024,17:00:00,27.1,28.7,20.6,67.63,0,29,,0,0,21.1,19.9,219.7,1012.3,36.2,24.1,526,1.9,5,3,Partially cloudy,partly-cloudy-day,
LAGOS STATE,2024-07-18T18:00:00,18/07/2024,18:00:00,26.8,28.4,20.6,68.83,0,29,,0,0,21.4,18.6,221.3,1012.7,50.1,24.1,407,1.4,4,3,Partially cloudy,partly-cloudy-day,
LAGOS STATE,2024-07-18T19:00:00,18/07/2024,19:00:00,26.5,26.5,20.6,70.06,0,29,,0,0,21.6,17.3,222.8,1013,64.1,24.1,288,1,3,3,Partially cloudy,partly-cloudy-day,
LAGOS STATE,2024-07-18T20:00:00,18/07/2024,20:00:00,26.3,26.3,20.6,70.75,0,9.7,,0,0,20.8,16.2,224.9,1013.3,71,24.1,192,0.7,0,3,Partially cloudy,partly-cloudy-night,
LAGOS STATE,2024-07-18T21:00:00,18/07/2024,21:00:00,26.1,26.1,20.6,71.46,0,9.7,,0,0,19.9,15.1,227,1013.7,77.8,24.1,96,0.3,0,3,Partially cloudy,partly-cloudy-night,
LAGOS STATE,2024-07-18T22:00:00,18/07/2024,22:00:00,26,26,20.6,72.16,0,9.7,,0,0,19.1,14,229.1,1014,84.7,24.1,0,0,0,5,Partially cloudy,partly-cloudy-night,
LAGOS STATE,2024-07-18T23:00:00,18/07/2024,23:00:00,25.8,25.8,20.7,73.63,0,9.7,,0,0,19.7,14,231.2,1014,73.5,24.1,0,0,0,3,Partially cloudy,partly-cloudy-night,
LAGOS STATE,2024-07-19T00:00:00,19/07/2024,00:00:00,25.6,25.6,20.9,75.13,0,9.7,,0,0,20.3,14,233.3,1014,62.4,24.1,0,0,0,3,Partially cloudy,partly-cloudy-night,
LAGOS STATE,2024-07-19T01:00:00,19/07/2024,01:00:00,25.5,25.5,21.1,76.66,0,9.7,,0,0,20.9,14,235.4,1014,51.2,24.1,0,0,0,3,Partially cloudy,partly-cloudy-night,
LAGOS STATE,2024-07-19T02:00:00,19/07/2024,02:00:00,25.3,25.3,21,77.26,0,32.3,,0,0,22.7,14.6,241,1013.7,63.9,24.1,0,0,0,3,Partially cloudy,partly-cloudy-night,
LAGOS STATE,2024-07-19T03:00:00,19/07/2024,03:00:00,25.1,25.1,21,77.87,0,32.3,,0,0,24.5,15.2,246.6,1013.3,76.5,24.1,0,0,0,10,Partially cloudy,partly-cloudy-night,
LAGOS STATE,2024-07-19T04:00:00,19/07/2024,04:00:00,25,25,21,78.49,0,32.3,,0,0,26.3,15.8,252.2,1013,89.2,24.1,0,0,0,10,Partially cloudy,partly-cloudy-night,
LAGOS STATE,2024-07-19T05:00:00,19/07/2024,05:00:00,24.9,24.9,21.1,79.61,0,32.3,,0,0,26.8,15.7,251.2,1013.3,92.7,18.7,0,0,0,10,Overcast,cloudy,
LAGOS STATE,2024-07-19T06:00:00,19/07/2024,06:00:00,24.8,24.8,21.3,80.75,0,32.3,,0,0,27.2,15.6,250.2,1013.7,96.1,13.4,0,0,0,10,Overcast,cloudy,
LAGOS STATE,2024-07-19T07:00:00,19/07/2024,07:00:00,24.8,24.8,21.5,81.91,1.5,32.3,rain,0,0,27.7,15.5,249.2,1014,99.6,8,0,0,0,10,Overcast,cloudy,
LAGOS STATE,2024-07-19T08:00:00,19/07/2024,08:00:00,25,25,21.5,80.61,0,38.7,,0,0,28.1,16.4,249,1014.7,99.7,13.4,20.3,0.1,0,10,Overcast,cloudy,
LAGOS STATE,2024-07-19T09:00:00,19/07/2024,09:00:00,25.3,25.3,21.5,79.34,0,38.7,,0,0,28.4,17.4,248.9,1015.3,99.9,18.7,40.7,0.1,0,10,Overcast,cloudy,
LAGOS STATE,2024-07-19T10:00:00,19/07/2024,10:00:00,25.6,25.6,21.5,78.1,0.4,38.7,rain,0,0,28.8,18.4,248.7,1016,100,24.1,61,0.2,1,10,Overcast,cloudy,
LAGOS STATE,2024-07-19T11:00:00,19/07/2024,11:00:00,25.4,25.4,21.6,79.68,0,38.7,,0,0,30.2,19.2,247.6,1015.3,100,24.1,58.3,0.2,1,10,Overcast,cloudy,
LAGOS STATE,2024-07-19T12:00:00,19/07/2024,12:00:00,25.2,25.2,21.7,81.29,0,38.7,,0,0,31.7,20,246.4,1014.7,100,24.1,55.7,0.2,1,10,Overcast,cloudy,
LAGOS STATE,2024-07-19T13:00:00,19/07/2024,13:00:00,25,25,21.9,82.94,0.2,38.7,rain,0,0,33.1,20.9,245.3,1014,100,24.1,53,0.2,1,10,Overcast,cloudy,
LAGOS STATE,2024-07-19T14:00:00,19/07/2024,14:00:00,25,25,21.8,82.61,0,25.8,,0,0,34.1,21.6,245.1,1013.3,100,24.1,55.3,0.2,1,10,Overcast,cloudy,
LAGOS STATE,2024-07-19T15:00:00,19/07/2024,15:00:00,25,25,21.8,82.27,0,25.8,,0,0,35,22.3,244.8,1012.7,100,24.1,57.7,0.2,1,10,Overcast,cloudy,
LAGOS STATE,2024-07-19T16:00:00,19/07/2024,16:00:00,25.1,25.1,21.8,81.94,0.4,25.8,rain,0,0,36,23,244.6,1012,100,24.1,60,0.2,1,10,Overcast,cloudy,
LAGOS STATE,2024-07-19T17:00:00,19/07/2024,17:00:00,25,25,21.7,81.61,0,25.8,,0,0,34.7,22.2,244.3,1012.3,100,24.1,51.3,0.2,1,10,Overcast,cloudy,
LAGOS STATE,2024-07-19T18:00:00,19/07/2024,18:00:00,25,25,21.6,81.27,0,25.8,,0,0,33.4,21.4,243.9,1012.7,100,24.1,42.7,0.1,0,10,Overcast,cloudy,
LAGOS STATE,2024-07-19T19:00:00,19/07/2024,19:00:00,25,25,21.5,80.94,0.1,25.8,rain,0,0,32,20.5,243.6,1013,100,24.1,34,0.1,0,10,Overcast,cloudy,
LAGOS STATE,2024-07-19T20:00:00,19/07/2024,20:00:00,24.9,24.9,21.5,81.26,0,12.9,,0,0,31.7,20,241.8,1013.7,93.4,24.1,22.7,0.1,0,10,Overcast,cloudy,
LAGOS STATE,2024-07-19T21:00:00,19/07/2024,21:00:00,24.8,24.8,21.5,81.58,0,12.9,,0,0,31.3,19.6,240,1014.3,86.8,24.1,11.3,0,0,10,Partially cloudy,partly-cloudy-night,
LAGOS STATE,2024-07-19T22:00:00,19/07/2024,22:00:00,24.8,24.8,21.5,81.91,0.4,12.9,rain,0,0,31,19.1,238.2,1015,80.2,24.1,0,0,0,10,Partially cloudy,partly-cloudy-night,
LAGOS STATE,2024-07-19T23:00:00,19/07/2024,23:00:00,24.8,24.8,21.4,81.08,0,12.9,,0,0,31.8,19.4,238.6,1014.7,82.8,24.1,0,0,0,10,Partially cloudy,partly-cloudy-night,
